dataset_name,sample_id,text
multivariant-v2-custom,27,"{Здорово | Здарова | Здорова | Здарово | Дарова} , чуваки! На связи, как обычно, Антон. Ну что, время пострелять между нами, Пальба! Па па па {па} . Ой. Да ладно вам, конечно, вы не ошиблись каналом. И это не выпуск шоу Голос, а очередная крутейшая подборка топовых пушек {LEGO | Лего} . Я такие модели вам сегодня покажу, что вы просто офигеете! Не хочу спойлерить, но если вы досмотрите этот ролик до конца, то увидите в нём балдёжный пистолет из {киберпанка | Cyberpunk<а>} , пуху из {КС|CS} и ещё много всего интересного. Так что скорее хватайте что-нибудь похрустеть, не забывайте про конкурс в конце видео на {тысячу рублей|1000 рублей|1,000 рублей|1000 р|1,000 р|1000 ₽|1,000 ₽|1000₽|1,000₽} и выезжаем! И начну я ребятки с потрясного пистолета из игры {Wolfenstein | Вольфенштейн} . Он был сделан под золото с красивой деревянной ручкой. У пестика, хоть это и {LEGO | Лего} моделька, красиво проработаны все элементы, включая даже ручку. Вон какой клёвый узор у неё сбоку. Оружие является декоративным. Да, с ним можно было бы побегать по улице и пострелять в друзей, но блин, лично мне такого красавца вообще не хочется подвергать никаким испытаниям. Пускай стоит себе на подставке и радует своего создателя каждый день. Следующей на очереди будет копия одного из самых распространённых многозарядных ружей, которое впервые было выпущено в далёком {1961 | тысяча девятьсот шестьдесят первом} {году|г} . Я сейчас говорю про {Мосберг|Мосcберг|Mossberg} {500 | пятьсот} . В наше время он выпускается в различных модификациях, предназначенных как для охоты, так и для полиции, охранников и даже самообороны. Честно признаться, не уверен какая именно модель попалась нам в качестве {LEGO | Лего} , но определённо она получилась на славу. Я посмотрел на картинки настоящей пушки, потом на нашу и понял, что отличить её при правильной подаче и освещении будет практически нереально. К тому же, все элементы здесь запросто вытаскиваются, перезаряжаются, меняются и так далее. А теперь я покажу вам такое, что реально поразит каждого фаната вселенной {Marvel | Марвел} . Эта вещица была полностью вручную собрана из разных деталек {LEGO | Лего} , а её вес вышел на {2,5 | два с половиной} {килограмма | кг} . Встречайте, настоящая рука Железного Человека! Блин, я и подумать не мог, что {LEGO | Лего} приколюхи и до такого дойдут. Вы только зацените, она ведь реально может двигаться, то есть не сковывать ваши движения. С такой игрушкой, наверное, можно создать изумительный косплей на всего персонажа и удивлять каждого прохожего. Идея создать подобный инструмент действительно оригинальная <*>"
multivariant-v2-custom,20,"Здравствуйте, меня зовут Вячеслав <*>, {а} вы на канале "" {Коллеги | Коллегия} адвокатов"". Здесь мы рассказываем об изменениях в законодательстве, {в} судебной практике и {своё мнение|своём мнении} относительно событий правовой тематики. Ситуация с распространением коронавирусной инфекции продолжает развиваться. Количество заражённых растёт, а власти пытаются сдерживать этот процесс, вводя различные ограничительные меры. При этом сложилась крайне опасная ситуация в исправительных учреждениях и следственных изоляторах. По определению, в указанных заведениях невозможно обеспечить необходимый уровень мероприятий по сдерживанию распространения {COVID | Ковид} - {19 | девятнадцать} . Игнорирование данной проблемы может повлечь не только массовые вспышки заболеваний среди заключённых и следственно-арестованных, но и различные формы недовольства среди них. Одним из решений назревшей, а возможно уже и перезревшей проблемы может быть широкая амнистия в связи с {75-летием | семидесятипятилетием | ~семидесяти пятилетием} Победы. Об этом я неоднократно говорил в своих видео, приводил позицию различных общественных организаций, предлагал подписать соответствующую петицию новой газеты и {требования|требование} партии Яблоко. Однако несмотря на сложившуюся обстановку, представители властных органов либо отмалчиваются, либо делают заявления, противоречащие здравому смыслу. Так, на днях глава комитета Государственной Думы по законодательству Павел {Крошенинников|Крашенинников} заявил, что амнистии к {75-летию | семидесятипятилетию | ~семидесяти пятилетию} победы в {Великой Отечественной войне|ВОВ} не будет. Якобы, в Думе нет проработанных текстов, а амнистия не может объявляться под {копир|копирку} . Якобы, люди не должны надеяться на амнистию, совершая {преступление|преступления} . Всем понятно, что государственные деятели давно оторвались от жизненных реалий и витают в облаках своей значимости. Остаётся надеяться, что люди, действительно принимающие решения, не разделяют абсурдности взглядов господина {Крошенинникова|Крашенинникова} . Что же касается отсутствия проработанных законопроектов, то такое заявление не менее {надумано|~надуманно} , чем {предыдущие|предыдущее} . Государственная Дума, которая - не место для дискуссий, в кратчайшие сроки принимала и значительно более сложные законопроекты. Иногда такой <*>"
multivariant-v2-custom,13,"Здравствуйте, уважаемые зрители и слушатели! Предлагаю вам гороскоп на неделю с {18 | восемнадцатого|18-го} по {24| двадцать четвёртое|24-е} апреля {2022 | две тыщи двадцать второго | две тысячи двадцать второго} года. Подписывайтесь, ставьте колокольчик, если зашли впервые. Также приглашаю вас в мой {Фейсбук | Facebook} , {Инстаграм | Instagram} и {Телеграм | Telegram} , ссылки на социальные сети, контакты для записи на {консультации|консультацию} по вопросам обучения на главной странице канала и в закрепленном комментарии. Неделя начинается с напряжения Солнца с Плутоном, поэтому для серьёзных дел, встреч с влиятельными людьми, понедельник {18|18-е | восемнадцатое} апреля неблагоприятен. День достаточно сложный. Чтобы добиться успеха, проникнуть в суть вещей, повернуть ход ситуации в свою пользу требуется сила воли, выносливость и упорство, а эти качества есть далеко не у всех. Не раскрывайте свои планы, но и не злоупотребляйте доверием.
  Главное событие недели – ингрессия Солнца в знак Тельца {20 | двадцатого|20-го} апреля в {5:25|5 утра 25 минут|пять утра 25 минут|5 утра двадцать пять минут|пять утра двадцать пять минут} . С этого дня фон событий резко меняется, в ближайший месяц люди становятся рассудительнее, спокойнее реагируют на всё, что происходит вокруг. Начинается период финансовой стабилизации, в социально-экономическом секторе наблюдается прогресс. {24 | двадцать четвёртого|24-го} апреля напряжение Меркурий-Сатурн: техника ломается, допускаются ошибки, открытые конфронтации, необдуманные поступки и {нарушения|нарушение} концентрации внимания {препятствуют|препятствует} созданию стратегического плана достижения целей. Информация, идеи и методы могут показаться интересными и ценными, но попытки применить их окажутся неудачными или будут прекращены из-за каких-либо ограничений. Далее по лунным дням. Понедельник, {18 | восемнадцатое|18-е} апреля. Убывающая луна в Скорпионе соединяется с Южным узлом, поднимает кармические темы. Многие почувствуют сильное влияние рода на свою жизнь. Для всех из нас жизнь складывается из кармы, отношений с родителями, опыта настоящей жизни и родовых программ. У кого-то последние проявлены явно, кто-то {может}"
multivariant-v2-custom,70,"Кошелек <*>, модель не помню, {Spartan|Спартан} по-моему, {сделана|сделано} в Тайване. Кошельку уже {5 | пять} лет, здесь {одно | 1} отделение под липучкой и {два | 2} открытых отделения, {одно | 1} для мелких денег, другое под липучкой для более крупных, и есть ещё отделение вот, оно глубокое, до самого конца доходит здесь кошелька, здесь {два | 2} кармашка для разной {мелочёвки|мелочовки} там, чеки, визитки, здесь инструкция от ножа, здесь под липучкой переходник, монетка, которую прислали китайцы и переходник для {сим | SIM} - карты, здесь карточки, карточки и пропуск. Функциональное отделение, {ничего|ничё} не потерлось, кевлар хороший, {вот,} {сделано|сделан} добротно, ни разу не стирал, надо будет его как-то отдать в химчистку, липучки за {5 | пять} лет вообще в идеальном состоянии, пользуюсь каждый день им, практически ничего не растянулось."
multivariant-v2-custom,5,"Обычно мы без особой охоты ходим к гинекологу. Разве что когда выхода нет. А на приеме вроде как и хотели бы задать какие-то вопросы, но стесняемся. Сегодня разберёмся в {четырех | 4} из них. Какая продолжительность менструального цикла является нормой? Почему-то бытует мнение, что цикл длится {26 | двадцать шесть} - {28 | двадцать восемь} дней, а все отклонения от этих сроков – {нарушение|нарушения} нормы. Главный показатель, что с вашей репродуктивной системой всё в порядке. Не длительность цикла, а его регулярность. То есть от начала менструации до начала следующей проходит примерно одинаковое количество суток.   {Плюс-минус|±|+-} {один | 1} - {три | 3} дня. В норме промежуток между месячными составляет от {21 | двадцати одного} до {35 | тридцати пяти} суток, с допуском в {один | 1} - {три | 3} дня. Не {является|являются} отклонением от нормы однократные пропуски {одного | 1} цикла, но не систематические задержки. Если продолжительность цикла имеет выраженные колебания, к примеру {21 | двадцать один} , {35 | тридцать пять} , {24 | двадцать четыре} , {42 | сорок два} , {23 | двадцать три} дня – это уже не норма. Пора идти к гинекологу. Обычно объем менструации составляет около {80 | восьмидесяти} {мл | миллилитров} . Но иногда месячные с самого начала бывают обильными без какой-либо причины. И в этом случае важно изменение именно обильности менструации. Если до какого-то момента выделения были умеренные, а потом внезапно стали обильными – это тоже повод обратиться к врачу. Если менструации были обильными, а потом стали умеренными – поищите причину в своем режиме. Возможно, вы стали иначе питаться, похудели, стали заниматься спортом или пережили стресс. Регулярность {в} половой жизни и даже смена климата также могут повлиять на интенсивность выделений. {А} влияет ли <*> переохлаждение на женский организм? Помните, мама вам советовала не сидеть на холодном, чтобы не застудить придатки? Наверняка вы наслушались этих советов, подкреплённых вручением теплых штанов с начёсом. Так вот, просто от переохлаждения придатки воспалиться не могут. Потому что любое воспаление такого рода в {90%|90 %|90 процентах|~90 процентов|девяноста %|девяноста процентах|~девяноста процентов|~девяносто %|~девяносто процентах|~девяносто процентов} случаев вызывается заболеваниями, передающимися половым путем."
multivariant-v2-custom,75,"Мастер, скажите пожалуйста, {а} каким образом найти предназначение в жизни? Как понять, чем мы должны заниматься? Предназначение – это очень важный аспект, и большинство людей ищут его во внешнем мире. Если мы говорим о йоге, вообще вся наша задача сейчас раскрыть, что есть путь, {да,} человеческой жизни, что есть путь вообще человека в человеческой жизни. Мы ведь пришли сюда из других миров, проще говоря, {да,} и, соответственно, для чего мы пришли? Зачем мы вообще здесь родились? С какой целью эта душа обрела дживу? С какой целью эта атма стала дживатной? {Это} {вот} это и есть предназначение. Но наше эго, система, в которой мы находимся, практически переключает это высокое знание и делает его более примитивным. И говорят, что предназначение в жизни – это быть врачом, быть музыкантом, быть ещё кем-то. По сути, люди забывают, что они сразу являются всем. Каждый ребенок, <*> который рождается, он рождается с определёнными качествами. Он может быть целителем, потому что его каналы чистые, если он их потом не засорит. Он может быть искусным художником, поэтом, музыкантом. Действительно может быть всем, потому что он Бог, потому что в нас есть все качества. И моё глубокое понимание этого вопроса: предназначение человека - раскрыть в себе божественность. Для чего? Для того, чтобы одухотворить материальную природу, для того, чтобы то, где мы находимся, стало божественным. И вот таким образом творец допознаёт себя через каждого из нас. Это высочайшее предназначение, это цель жизни – понять, кто мы на самом деле. <*> говорил о том, что есть {три | 3} вопроса: откуда мы пришли, кто мы сейчас и куда уйдём потом."
multivariant-v2-custom,68,"Привет! В этом видео я расскажу о том, как будет проходить консультация, на которой мы разберем вашу ситуацию, что мы будем делать, чего не будем делать и для чего она нужна. Я могу с твёрдой уверенностью сказать, что если вы готовы вкладывать силы и ресурсы для того, чтобы изменить ситуацию в свою пользу, она точно изменится. Всё о том, как вернуть мужчину. Дмитрий {Норман|Норманн} . Консультация начинается с разбора вашей истории. Вы мне рассказываете её так, как считаете нужным, и говорите о том, что по вашему мнению является самым важным. Часто уже на этом этапе можно понять и предположить, в какую же сторону были перекосы в отношениях и что же на самом деле произошло. Дальше, для получения дополнительной информации я буду уточнять всё, что необходимо для того, чтобы диагностировать проблему, понять с чего всё началось, пересмотреть как минимум последний год отношений и открыть вам глаза на происходящее в этот период. Часто женщина находясь в зависимости не замечает того, что у неё происходит прямо под носом, и отрицает очевидные вещи. {А} этот этап очень важный и занимает большую часть времени, так как от правильной диагностики зависит и то, какую стратегию мы с вами выберем. Более чем в {80 процентах|восьмидесяти процентах|~80 процентов|~восьмидесяти процентов|восьмидесяти %|80 %|80%} случаев сама женщина неправильно воспринимает происходящее. Бывает такое, что женщина приходит с запросом ""я абьюзер, как мне вернуть мужчину"", но на самом деле оказывается она настолько унизилась в отношениях, что при желании мужа уйти начала ещё больше заниматься самобичеванием и имеет абсолютную уверенность, что ей нужно стать ещё лучше, чтобы муж вернулся, хотя это будет только ухудшать её позиции. Бывает наоборот. Женщина была в сильной позиции в отношениях, затюкала мужа, он сбежал, а она уверена, что это он такой гад, не оценил её заботы и любви и что теперь нужно его игнорить по полной и угрожать разводом, усиливая давление, чтобы он осознал, каким же был дураком."
multivariant-v2-custom,83,"Друзья, всем привет, у нас вернулась зима, идёт снег. А я решил съездить в магазин для того чтобы купить деталек для изготовления простой и полезной… Магазин отменяется, но ненадолго. Будем модернизировать обувь. Для первого варианта понадобится клей и что-то сыпучее, например, сода или песок. Капаем на выступающие части протектора клей и посыпаем сыпучкой. Повторяем несколько раз. Получаются шероховатые бугорки. Для второго варианта возьмём наждачную бумагу. Я взял вот такую круглую, {клеим|~клеем} на наждачку двусторонний скотч. Лишнее обрезаем и далее {клеим|~клеем} на подошву. Далее идём тестировать. Друзья, по ощущениям меньше скользит наждачка. Но и с вариантом клея и соды тоже чувствуется, что есть толк. Получается, если хотите немного улучшить антискользящие свойства обуви, то подойдёт вариант с клеем и содой. Вариант эстетически более пригоден, так как практически {не заметно|~незаметно} никаких внешних изменений. По мере стирания соды, процедуру нанесения повторить и пользоваться дальше. Если {стоит задача | ставить задачу} как можно меньше скользить, и {неважно|~не важно} как это будет выглядеть, то подойдёт вариант с наждачкой. А теперь хочу попробовать изготовить вариант супер {нескользящий|~не скользящий} . Для этого возьму фанеру и начерчу на ней контуры обуви."
multivariant-v2-custom,86,"{Блин,} я не знаю, слишком много на меня ответственности. {Я…} `у меня паранойя. Я боюсь выйти на улицу, потому что я боюсь {то,} что я потеряю камни чудес. Это катастрофа. {Ну} ладно. Скорее всего, у меня просто паранойя. Но если <*> доберётся до моей шкатулки, {это будет…} это будет настоящая катастрофа. Надеюсь, я не сделаю ошибку большую. {Я…} {я…} я боюсь, мне страшно. Ладно. Нора! Нет, не Нора. Стану Клевером. Будет легче. {Клифф|Клиф|Клив} , распусти лепестки. <*> улучшаюсь. Тук тук тук {тук} {тук} , парнишка. А, ой. <*> Починишь <*> потом. Да, {да,} {починю | починим} , конечно. У меня к тебе срочная миссия. <*> У меня к тебе очень срочная миссия. Это камень чудес чёрного кота, <*> силой разрушения, используй во благо. Ты будешь владельцем кота чудес, пока мы не разберёмся с <*>. У тебя будет {два | 2} <*> Но будь в курсе: нельзя, чтобы люди знали {то, что ты…} {то, что ты…} {и…} то, что ты {и} собака. Что чёрный кот и собака это один и тот же человек. Вы должны быть двое разными. Ты должен использовать, когда <*> собакой, {а} когда <*> собакой. Чаще всего, ты должен появляться как кот. Понял меня? Да. Всё. И ещё появится новый мистер <*> новый владелец <*> будь в курсе. Серьезно? Да. Так, получается, ты… Ладно. {Такс|Так-с} . {Поеду…} пойду, найду эту девочку. Она работает на магазине Украина. Привет. Как дела? <*> А как тебя зовут? А, Вика. Вика, я дарую тебе один из талисманов. А? Этот. {Ай|Ой|} Вика, проснись. Это камень чудес <*>"
multivariant-v2-custom,25,"Всем привет, вы на канале "" {как} заработать в интернете"", сегодня у меня на обзоре кран {Solano|Solana|Salana|Salano|Солано|Солана|Салана|Салано} , на этом кране можно зарабатывать криптовалюту {Solano|Solana|Salana|Salano|Солано|Солана|Салана|Салано} . Есть подобный кран, на котором можно зарабатывать {TRX|ТРХ|ТР Икс} . Я думаю {этот|это} один и тот же <*>. С данного крана я выводил уже {вот} почти {19 | девятнадцать} {TRX|ТРХ|ТР Икс} месяц назад, и если мы посмотрим по посещаемости, работает он {два|2} месяца и посещаемость за {последний месяц|последние месяцы} - {полтора миллиона|1.5 миллиона|1500000|1,500,000} людей заходило на данный сайт. Это копия того же сайта, который я вам только что показал, здесь при регистрации нам дают {10 | десять} бонусных сборов и также мы целый день можем собирать удвоенную прибыль, заходя на данный сайт, кран {один | 1} раз в час. И нам {будут|будет} выпадать не {пять тысяч|5000|5 тысяч|5,000} {Solano|Solana|Salana|Salano|Солано|Солана|Салана|Салано} , а {десять тысяч|10000|10 тысяч|10,000} . И вот, бонусные сборы здесь есть, здесь {ни|~не} {капчи | captcha} , ничего, {икс 24|икс двадцать четыре|X 24|X24|X двадцать четыре} , нам дают это на {24 | двадцать четыре} часа. И вот она прибыль идёт. {Десять | 10} раз мы можем так собрать. Если мы посмотрим выводы денег с данного сайта, вот здесь есть доказательства, здесь {вот} люди выводят, всё классно, кран платит, можно это всё проверить, перейдя по ссылке. Также в данном кране есть партнёрская программа, вы будете зарабатывать {5 процентов|пять процентов|пять %|5 %|5%} от сбора с крана вашим другом {и|или} {ноль четыре процента|ноль четыре процента|ноль четыре %|0.4 процента|0.4 процента|0.4 %|0.4%} будете зарабатывать играя в игры. Также здесь Можно повысить уровень, например до {iron|айрон} или же {бронза|бронзу|bronze} , чтобы его повысить {и} здесь {вот} все условия расписаны на данном сайте. Кому данный кран интересен, ссылку я оставлю в описании. Переходите, регистрируйтесь и зарабатывайте деньги без вложений."
multivariant-v2-custom,16,"Привет от команды {Серф ёрнер|Серфёрнер|Сюрф ёрнер|Сюрфёрнер|Сурф ёрнер|Сурфёрнер|SurfErner|SurfEarner} . В этом видео мы расскажем о сервисе "" {рекламы|реклама} в браузерах"" и как с помощью него вы можете получать клиентов. Мы покажем как это работает, расскажем о возможностях сервиса и наглядно покажем как добавить и настроить рекламу. Если вы зарабатываете в интернете, то вам нужны клиенты, и чем больше, тем лучше. Все знают как нелегко их найти. Прямо сейчас мы перевернем ваш взгляд на эту проблему и расскажем о том, как легко и быстро получать сотни клиентов в ваш бизнес и делать это ежедневно. Совсем недавно мы сами были на вашем месте и искали бизнес партнёров, рефералов, покупателей, подписчиков, испытывая при этом те же самые неудобства. Факт в том, что люди ненавидят любую рекламу, а любое наше предложение, как бы мы {ни|~не} изощрялись, это так или иначе реклама и люди это чувствуют. Если попытаться уйти от этой проблемы и воспользоваться услугами рекламных сетей, то мы сталкиваемся с ещё большими неудобствами. Это очень дорого, часто {ваши объявления не проходят|ваше объявление не проходит} модерацию, а в сложном интерфейсе просто невозможно иногда бывает разобраться. Нам удалось найти решение, мы создали сервис {Серф ёрнер|Серфёрнер|Сюрф ёрнер|Сюрфёрнер|Сурф ёрнер|Сурфёрнер|SurfErner|SurfEarner} , способный за несколько минут гарантированно донести любое рекламное сообщение до тысяч потенциальных клиентов. При этом они будут ждать вашу рекламу и будут рады её видеть. Они могут сразу совершить покупку, стать вашим бизнес-партнёром, рефералом, подписчиком, прийти на ваш вебинар, в общем, всё что угодно. А на создание {и} отправку такого рекламного сообщения у вас уйдёт всего несколько минут. Реклама демонстрируется через специальное расширение, установленное в браузер и показывается на всех сайтах, которые посещает пользователь. К нам ежедневно присоединяются сотни новых пользователей, которые сами устанавливают расширение {Серф ёрнер|Серфёрнер|Сюрф ёрнер|Сюрфёрнер|Сурф ёрнер|Сурфёрнер|SurfErner|SurfEarner} в свои браузеры. Эти люди будут рады видеть вашу рекламу, ведь за каждый показ рекламного объявления они получают деньги. Просмотр рекламы у них ассоциируется с получением прибыли, с радостью и это действительно настоящая магия. Наша аудитория это сотни тысяч активных пользователей интернета."
multivariant-v2-custom,11,"Многие ожидают от {Лос-Анджелес Клипперс | Лос-Анджелес Клиперс | Los Angeles Clippers|LA Clippers} если не победы в чемпионате, то по крайней мере очень хороших, высоких результатов. Это связано с тем, что, во-первых, {Док Риверс | Doc Rivers} пригласил в свою команду несколько довольно именитых специалистов к себе в помощники. Во-вторых, он принял бразды правления клубом в свои руки. И в третьих, в этой команде по-прежнему играет лучший разыгрывающий ассоциации {Крис Пол | Chris Paul} . В этой команде играет {один | 1} из самых сильных тяжёлых форвардов, который по-прежнему прогрессирует {Блейк Гриффин |Блэйк Гриффин | Blake Griffin} . У основного центрового {в этой команде|этой команды|в этой команды} {Де Андре Джордана | Деандре Джордана | DeAndre Jordan<а>} контрактный год, и он просто обязан провести его на высшем уровне. В {Клипперс | Клиперс | Clippers} играет лучший запасной лиги {Джамал Кроуфорд | Jamal Crawford} и несколько довольно крепких ролевиков. Мы ждём от {Клиперса | Клипперса | Clippers<а>} какого-то рывка, но пока его нет. Пока команда буксует, пока {Док Риверс | Doc Rivers} нервничает, не может понять, что не так. Какие-то отрезки матчей {Клипперс | Клиперс | Clippers} проводит на высоком уровне, потом лидеры команды уходят в тень, где-то пропадают, начинаются потери, промахи {и с|из} средней {и} с дальней дистанции. И как следствие проигранные матчи. На данный момент игра {Клипперс | Клиперс | Clippers} оставляет противоречивое впечатление, и явно старт сезона им не удался, и специалисты ожидали от этой команды чего-то большего."
multivariant-v2-custom,10,"Всем привет! Когда ты купил новую лодку и тебе не терпится ее опробовать. {99 процентов|99 %|99%|девяносто девять %|девяносто девять процентов} людей никогда бы не уронили свой телефон в канализацию, едя на погрузчике, но всегда остается именно тот {1 %|1%|один %|1 процент|один процент} . Когда ты сидишь на диете уже несколько часов и не можешь устоять перед соблазном. Я думал, что такое можно увидеть только в мультфильмах про Тома и Джерри. Похоже, что рыбы запомнят этого парня как своего спасителя. Я надеюсь, что этот парень посмотрит это видео и узнает в чем кроется мистика."
multivariant-v2-custom,19,"Тема: рекомендации по организации самостоятельной учебной деятельности. Обучение в ВУЗе – это аудиторная работа в ВУЗе по расписанию занятий и {внеаудиторная|вне-аудиторная} самостоятельная работа. Изучение курса ведётся в следующих формах. Аудиторных лекционных занятий: во время лекции студенты осуществляют конспектирование {материалов|материала} . Практических занятий, на которых конкретизируются и развиваются темы лекционных занятий, проведение которых предусмотрено в разных формах, а также в форме самостоятельной работы. Основные виды систематизированной записи прочитанного материала. Аннотирование: предельно краткое, связное описание просмотренной или прочитанной книги, её содержания, источников, характера и назначения. Планирование: краткая логическая организация текста, раскрывающая содержание и структуру изучаемого материала. Тезирование: лаконичное воспроизведение основных утверждений автора без привлечения фактического материала. Цитирование: дословное выписывание из текста выдержек, извлечений, наиболее существенно отражающих ту или иную мысль автора. Конспектирование: краткое и {последовательно|последовательное} изложение содержания прочитанного. Методические рекомендации по составлению конспекта. Внимательно прочитайте текст. Уточните в справочной литературе непонятные слова. При записи не забудьте вынести справочные данные на поля конспекта. Выделите главное, составьте план. Кратко сформулируйте основные положения текста, отметьте аргументацию автора. Законспектируйте материал, чётко следуя пунктам плана."
multivariant-v2-custom,8,"Что будет, если отрезать кошке усы? Представить себе кота без усов просто невозможно. Но что будет, если их отрезать, и какую функцию они исполняют в жизнедеятельности животного? Для того, чтобы разобраться в последствиях этого действия, стоит уяснить, для чего они вообще нужны коту. Как оказалось, усы помогают не только определить в пространстве своё {месторасположение|место расположения} , но также есть дополнительным органом обоняния. С их помощью животное может запросто исследовать предмет, даже не прикасаясь к нему, а также слышать шорохи, что помогает ориентироваться в пространстве, находясь даже в полной темноте. Также они помогают чувствовать {самые незначительные изменения|самое незначительное изменение} температуры в комнате или на улице. Очевидно, что потеряв таких ценных помощников, кот станет {не приспособлен|неприспособлен} к окружающей среде. Например, в тёмное время суток представители семейства кошачьих становятся совершенно дезориентированы в пространстве. Кот может застрять, не рассчитав своих размеров, или, неправильно оценив расстояние, совершить неточный прыжок. Случается и такое, что у кота выпадают усы сами по себе, что обусловлено авитаминозом. В этом случае обязательно стоит пересмотреть рацион домашнего животного, а также посетить ветеринарного врача, который пропишет нужные витаминные комплексы для восстановления здоровья питомца. Ломающиеся усы у котенка не должны вызывать большого опасения, ведь такой растущий организм требует специального питания. Добавив ложку растительного масла в кашу, небольшое количество творога на ночь и немножко молока с утра, состояние усов и шерсти в целом должно улучшиться. Очевидно, что кот без усов как человек, лишённый рук и глаз, потому ни в коем случае нельзя лишать животного такого жизненно важного для него тактильного устройства. Указывая надлежащую заботу домашнему животному, его здоровье будет в отличной форме. Любите братьев наших меньших, и они проявят свою любовь в ответ. Подписался на канал и ответ обосновал!"
multivariant-v2-custom,91,"Сравнительно недавно со словами ""уксус сладок на халяву"" я себе скачал на консоль {Dirt|Дирт|Дёрт} {5 | пять} . Чужое, халява, взять, взять. И тут началось мое весёлое но {недолгое|~не долгое} путешествие по миру аркадных увеселительных {ёбогоночек|ёбо-гоночек|ёбагоночек|ёба-гоночек} . Скажу сразу, эту бы физику да в игры серии {NFS|НФС} ? {Нет.} Или в игры серии {Crew|Крю} ? {Нет.} Ну или наоборот, сюда бы возможность тюнинга и большой открытый мир на современный лад, то игра бы затмила все современные аркады. Но увы, это сессионная аркадная гонялка по определённым трассам. И это главная проблема игры {Dirt|Дёрт} {5 | пять} . Но давайте по порядку. Вы на канале Малой, а я Витяй и мы снова с вами обсуждаем очередные {ёбогоночки|ёбо-гоночки|ёбагоночки|ёба-гоночки} . И именно эти {ёбогоночки|ёбо-гоночки|ёбагоночки|ёба-гоночки} , к сожалению, мне попались на халяву для версии  {PlayStation 4 | PlayStation четыре|Плейстейшн 4|Плейстейшн четыре|Плейстейшен 4|Плейстейшен четыре|PS4} , поэтому максимально {раскачанной|~раскаченной} графики я, к сожалению, не увидел и не прочувствовал прорывного геймпада, как заявляли некоторые обзорщики. Но несмотря на это, разработчики постарались сделать игру максимально красочной и пёстрой , местами граничащей с мультяшностью, но не переходя рамок дозволенного. Таким образом, прекрасно нарисованные {10 | десять} довольно разных локаций, на которых {расположены|расположен} в общей сложности {81 | восемьдесят один} также симпатичный трек. На {первый | 1 | 1-й} взгляд, все выглядит привлекательно. Грязь, летящая из-под колес, и оседающая на <*> машины, погодные эффекты, которые меняются прямо во время гонки, {и} из которых меня больше всего порадовала песчаная буря и снежный буран. Даже на версии {PlayStation 4 | PlayStation четыре|Плейстейшн 4|Плейстейшн четыре||Плейстейшен 4|Плейстейшен четыре|PS4} это выглядит весьма {недурно|~не дурно} , я вам скажу друзья мои. Прекрасный нелинейный ландшафт, довольно большие перепады высот на треках вместе с трамплинами, очень аутентичные ледовые треки и немного асфальтовых дорог. И несколько площадок для джимханы. Все, вроде как, на первый взгляд подкупает. На каждой трассе есть различные статичные и динамичные декорации в виде всяких лазерных шоу, летающих самолётов, {дымоперделок|дымо-перделок} , {огнерыгалок|огне-рыгалок} . Но при этом всём великолепии"
multivariant-v2-custom,9,"Туризм в Таджикистане - это привлекательный вариант отдыха для любителей ярких ощущений, альпинистов и велосипедистов, для любителей персидской культуры и древней истории. Благодаря отличному климату, где около {250 | двухсот пятидесяти} солнечных дней в году, а также искренне гостеприимному народу, не надо искать дополнительные причины, чтобы поехать в Таджикистан, а уже начать планировать поездку. Для тех, кто ограничен по времени и может провести в Таджикистане всего {один | 1} или {два | 2} дня, также есть отличные варианты для коротких однодневных путешествий по стране и столице, или же для {экскурсий|экскурсии} в самом Душанбе. Среди однодневных туров в Таджикистане самыми популярными являются поездки в Арзовское ущелье или на озеро Искандеркуль. Вместе с этим можно отправляться на однодневные экскурсии в Таджикистан из Узбекистана, в Пенджикент и на Семь озёр из Самарканда или в Худжанд из Ташкента. Туризм в Таджикистане постоянно развивается и уже сегодня очень удобно отправиться в эту маленькую очаровательную страну, погрузиться в мир гор, уникальной культуры и древней самобытной истории. Сейчас самое подходящее время для путешествия по стране. Душанбе уже не {первый | 1-й | 1} год привлекает всё больше иностранных туристов, а всё потому, что здесь из года в год улучшаются условия жизни, развивается инфраструктура, строятся тысячи объектов различного назначения. Мы приехали из России, продлить себе лето. Нас пригласили друзья, в {солнечный|солнечное} Душанбе. Очень приятные здесь люди, приветливые. И вот это {первое | 1-е | 1} , что мы заметили, что все люди очень отзывчивые и гостеприимные. Честно, это спонтанное такое {оказалось|казалось} путешествие. Нас {вот} пригласили друзья, они сами из Душанбе. И мы как-то долго откладывали этот отпуск."
multivariant-v2-custom,90,"Здравствуйте, дорогие друзья. С вами Юлия Ермак, эксперт по здоровью детей. И сегодня я хочу с вами поговорить на тему ангин. Если у вашего ребёнка или у вас ангина – это самый лучший друг, то есть {вы…} вам достаточно выпить холодной воды, и ребёнок тут же заболевает ангиной, то есть горло – это ваше слабое место, то вы точно попали в нужное время, в нужное место. Почему? Потому что именно сегодня мы говорим, как помочь ребёнку, чтобы сократить всё-таки болезни ангиной, сократить болезни ребёнка и облегчить его жизнь, то есть доставить ему здоровое {и} счастливое детство. {А} более подробно я говорю на курсе {алгоритма|алгоритмы|алгоритм} воспитания здоровых детей, {который…} легендарный курс, который улучшает здоровье детей в {3 | три} , {4 | четыре} , {5 | пять} , {6 | шесть} раз за ближайшие {3 | три} - {6 | шесть} месяцев. Поэтому я с уверенностью говорю о том, что вы попали в нужное время, в нужное место. {А} сегодня мы говорим {об…|об ангине…|} об ангине, и как помочь ребенку в период ремиссии, как закалить горлышко, чтобы для него холодное мороженое или холодная вода <*> не становились трагедией и поводом для излечения антибиотиками. Так вот, {первое | 1-е | 1} {то,} что необходимо сделать - это научиться дружить с холодным. Наверняка дети, {которые…} у которых постоянные {части | частые} ангины, им мама с самого рождения всё грела, то есть ребёнок не знаком с холодным. {А} как правило, это начинается с самого-самого раннего детства, то есть мама закрывала окошечко, чтобы ребёнка не сдуло, не продуло, не просквозило, одевала самые лучшие теплые шарфики, варежки, закрывала рот на холоде, на морозе, одевала самые теплые носочки, и, естественно, ребёнок растёт в тепличных условиях. И для того, чтобы этот замкнутый {круг…} круг тепличных условий всё-таки разомкнуть, потому что, так или иначе, ваш ребёнок столкнется в жизни с тем, что познакомится с холодной водой, с холодными ногами, промокшими ногами, попадёт под дождь или будет ехать в автобусе и будет открыта форточка, пойдёт в детский сад."
multivariant-v2-custom,44,"Друзья, с вами, как всегда, старичок {Techshow|Техшоу|Tech Show|Тех Шоу} . Дрель и шуруповёрт – этот дуэт ну просто незаменим. Сегодня я постараюсь взорвать ваш мозг. Как я собираюсь это сделать? Всё предельно просто. Я подготовил подборку насадок с {Али|Ali|Алиэкспресс|Aliexpress} для дрели и шуруповёрта, которые станут для вас {маст хевом|мастхевом|маст хэвом|мастхэвом|must-have<ом>|musthave<ом>} . Да уж, друзья, честно сказать, я вам завидую. Почему? Скажете вы. <*> да потому что у вас есть возможность получить от {Techshow|Техшоу|Tech Show|Тех Шоу} очень крутой приз. Это {3D|3Д|3-D|3-Д} - принтер. Да-да, я очень добр. Чтобы его получить, досмотрите видео до конца. Напомню, в конце ролика результаты предыдущего конкурса. Ну что, как говорит Дима Гордей, наливайте чаёху и погнали. И начнём мы, пожалуй, не с самых экстравагантных, но в {то же|~тоже} время абсолютно незаменимых аксессуаров. Это адаптер торцевые головки для шурповерта, которые позволяют вам крутить не только шурупы и саморезы, но и болты и гайки. Я нашёл {два | 2} варианта таких наборов. В {первом | 1-м | 1} имеется {9 | девять} адаптеров под диаметр от {6 | шести|6-ти} до {14 | четырнадцати|14-ти} {мм | миллиметров} . Тут всё просто. С {одной | 1} стороны бита под шуруповёрт , с другой торцевая головка. А вот {второй | 2-й | 2} набор, на мой взгляд, более универсален. Он включает в себя {три | 3} адаптера для съёмных головок, которые можно купить или отдельным набором взять из наборов с инструментами, в которых они зачастую встречаются. Таким образом, диапазон применения значительно расширяется. Эти {три | 3} адаптера подходят под самые популярные присоединительные квадраты, {изготовленные|изготовлены} из стали с добавлением хрома и ванадия. С таким адаптером вы забудете о том, что значит крутить болты вручную. Далее идёт очень интересная и практичная насадка на дрель для резки {тонко-листового|тонколистового} металла. Этот {девайс | device} позволяет вам совершать фигурную резку листов толщиной {2 | два} {мм | миллиметра} в зависимости от материала. Подходит под электроинструмент с частотой вращения от {полутора | 1.5 | полутора тысяч | 1500 | 1,500} до {3000 | 3,000| трёх тысяч | 3 тысяч}  {оборотов в минуту|об/мин} . Просто одеваете и режете. Проще некуда. Лично мне такая насадка пригодится. Надо бы заказать. Ещё из опыта использования могу посоветовать, что металлическую стружку лучше собирать сразу магнитом, потому что её много и она с острыми краями. {Такс|Так-с|Так} , этот товар также незаменим. Это кольцевое сверло, в {простонародье|простонародии} ""балерина"". С его помощью можно делать {отверстия|отверстие} от {30 | тридцати} до {120 | ста двадцати} {мм | миллиметров} . Я думаю, тут уже все любители больших диаметров будут довольны. Если серьёзно, <*>"
multivariant-v2-custom,72,"Специалист по реабилитации в социальной сфере - это прежде всего {новое такое…} новая специальность, которая, с моей точки зрения, востребована в нашем обществе, поскольку никто не застрахован от того, что попадёт в какую-то ситуацию, в которой он {оказывает…|оказывается…|} окажется вообще абсолютно дезадаптированным. Это могут быть разные ситуации, это могут ситуации быть связанные с потерей здоровья, это могут быть ситуации, связанные с потерей места работы, и вообще трудной жизненной ситуацией, это могут быть ситуации, связанные  например, с переездом в другую страну, потому что человек вообще полностью теряет {ориентир|ориентиры} {и} не знает как ему адаптироваться, {то есть,} {ну,} {вот,} основной, {так сказать,} человек или клиент, {да,} с которым работает такой специалист - это человек, который дезадаптирован в обществе. Основные сферы деятельности специалиста - это социальная защита населения, социальное обслуживание, пенитенциарная система, то есть система исполнения уголовных наказаний, сфера труда и занятости, {здравоохранение|здравоохранения} и {образование|образования} . В перечень его основных обязанностей {входят|входит} : диагностика и оценка {психо-социального|психосоциального} статуса клиента, составление плана его реабилитации, консультирование, мониторинг и оценка результатов реабилитации, планирование и организация деятельности по развитию реабилитационных услуг, проведение обучающих тренингов для специалистов учреждений социальной сферы, консультирование и супервизия деятельности специалистов, введение соответствующей документации. Вообще, реабилитация - это, конечно, медицинский термин. {И} здесь мы говорим не о медицинской реабилитации, мы говорим с вами о социальной реабилитации. {А} поэтому, конечно же, здесь целый комплекс должен быть. Работы, {да,} и {привлечение|привлечения} различных специалистов, которые человека вводят назад в общество, {да.} То есть человека исключили из общества, {да,} или он инклюзирован, {да,} и человека включают, {да} . То есть возникает такая ситуация инклюзии человека {в}"
multivariant-v2-custom,42,"Всем большой привет! Сегодня будем делать забавных кроликов для украшения праздничного стола. Список необходимых ингредиентов будет, как всегда, в конце ролика, а также в описании под видео. Чтобы не пропускать новые рецепты лайкните это видео и подпишитесь на канал. Приятного просмотра! {Одно | 1} варёное яйцо разделяем вдоль пополам, а потом каждую половинку делим на {три | 3} части. Как сварить яйца, чтобы они хорошо чистились, смотрите в подсказках. Ссылка также есть в описании под видео. Дальше берём зубочистку и насаживаем на неё дольку яйца. Примерно {треть|1/3|⅓} зубочистки должна остаться свободной. Так поступаем со всеми кусочками яиц. Это будут ушки для кроликов. Теперь берём кусочек красного сладкого перца, основание от шариковой ручки  и вырезаем {три | 3} кружочка. Это будут носики. Их тоже насаживаем на кусочки зубочистки. При этом кожица перца должна остаться целой. Затем из стебельков петрушки делаем усики. По {два | 2} для каждого кролика. А также ротики. Дальше собираем наших кроликов. Варёное яйцо подравниваем у основания, чтобы оно хорошо стояло. А затем берём {два | 2} бутона гвоздики и вставляем ближе к тонкому краю яйца. Это будут глазки. Потом ставим на место нос. Также приделываем усы."
multivariant-v2-custom,74,"Что это за бардак в моей комнате? Мне кажется, я не разбрасывал эти вещи. С другой стороны, кто же ещё это может быть, как не я? Ведь сюда кроме меня никто не входил. Нужно почаще решать арифметические примеры, чтобы память меня не подводила. Ладно, дружок, я скоро приду. Ты даже не успеешь остыть от моих объятий, как я уже вернусь. Бабушка, я отнёс игрушку и пришёл один, как ты и просила. А что ты приготовила? Вкусную, питательную и полезную еду. Опять овсянка? О нет, только не это. Может лучше покушать вкусного, питательного и полезного мяса? Какой же ты привередливый, внучок. Ладно, на ужин приготовлю тебе котлетки. Ура! Из овсянки. Но я не люблю овсянку. Ещё недавно ты был недоволен моим подарком, а теперь носишься с ним по всему дому. Оторвать невозможно. Полюбил уродца, полюбишь и овсянку. <*> не уродец, он очень милый. Ешь давай. Я всё съел. Теперь мне можно вернуться к моей игрушке? Иди, только зубы почистить не забудь. Что за шум в моей комнате? Окно открыто, тут явно кто-то был. И значит это он навёл тут беспорядок? Мои трусы и носки валяются по всей комнате. А, это же я их разбросал. Но книги раскидывал точно не я. О нет, куда делась моя игрушка? Её похитили. Продолжение следует."
multivariant-v2-custom,36,"Сегодня у нас интереснейшая тема - расточные резцы, но мы видим, какие огромные резцы бывают {если…} если {приложить к ним… даже линеечку приложить|приложить к ним даже линеечку приложить|даже линеечку приложить} , то {насколько…} насколько огромные резцы бывают. {Значит,} мы смотрим, {значит} . {Первое | 1-е | 1} - резец для точения <*> внутренней детали на проход. {Второе | 2-е | 2} - резец {вот} в виде клювика сделан, а у него форма {вот} такая в виде клювика, это резец для обработки глухих отверстий, то есть не имеющих {сквозных…} сквозного отверстия. {То же|~Тоже} самое, {значит,} кованый резец, {то же самое, кованый резец|~тоже самое, кованый резец|} не для обработки отверстий не имеющих сквозного отверстия. {То же|~Тоже} самое, видите, клювик выполнен в виде клювика. {Так,} вот посмотрите, радиусный резец, резец, который позволяет выполнять галтель {внутри…} внутри отверстия на переходе, то есть формирует радиусы на галтельный переход. Значит, это какой-то {сложный…} сложный резец, {значит,} {не могу…} не могу точно его охарактеризовать. Все вот эти резцы, вот этот, вот этот, {вот этот,} {вот этот,} {вот этот,} обратите внимание, у них имеются {пластинки из твёрдого сплава,} напаянные {эти} пластинки из твёрдого сплава, и у этого тоже. А вот резец, у него механическое крепление пластинки <*> из твёрдого сплава, даже с покрытием нитрид титана. Тоже резец, достаточно короткий, жесткий для обработки, {ну} видимо колец с внутренним отверстием на проход. {То же|~Тоже} самое, {то же|~тоже} самое. Значит, вот какой-то резец, который"
multivariant-v2-custom,4,"Здравствуйте, дорогие друзья. Тема нашего сегодняшнего эфира: отношения и авторство. Мы сегодня будем говорить на эту душещипательную тему. У меня есть большой запрос от вас, чтобы я выпустила марафон по отношениям, я сегодня буду об этом говорить. Я думаю, что марафон выйдет, {ха-ха|хаха|} но когда - ещё не готова с вами поделиться. Хочу ответить на вопрос вне темы, который мне задали вчера под постом. Я попросила: ""Задавайте вопросы"", и меня спросили: ""Аня, кто твой стилист?"". Иди сюда. Я хочу показать вам своего стилиста. Здравствуйте! Это Наталина <*>. Я с ней знакома, сколько мы с тобой знакомы? <*> Мы вместе работали в ""Евросети"". Я работала тренером по технике продаж {я работала тренером} . {И} я работала тренером по продукту, тоже был такой опыт в моей жизни. Я обучала, кроме того, как общаться с покупателями, обслуживать покупателей в торговом зале. Я ещё и преподавала внутренности телефонов, фотоаппаратов, видеокамер, когда они появились, и так далее цифровых. Спасибо, Натали. {ха-ха|хаха|} Был период, когда мы с Наташей расстались, {ну} в плане того, что закончилась ""Евросеть"", и мы расстались, естественно. {Вот,} но мы поддерживали {Как…} Спасибо <*> Цукербергу, спасибо {Фейсбуку | Facebook<у>} за то, что он объединяет людей. И мы-то расстались, но мы поддерживали отношения виртуально. Наташа - очень талантливый дизайнер, Наташа - очень талантливый фотограф. Многие фотографии, которые вы видите, сделаны ей. {Вот,} и, кроме того, что она подбирает мне образы, она ещё и делает фотографии, и занимается, {в общем,} визуализацией всего, что меня окружает, Как-то так, {да,} <*>"
multivariant-v2-custom,52,"Здравствуйте, мои дорогие подписчики и гости канала. Сегодня мы с вами поговорим о том, как нужно загадывать заветное желание под старый Новый год. А ещё как привлечь в дом удачу, богатство и счастье в семейной жизни. Старый Новый год - это удивительный праздник. Во-первых, он дарит нам возможность ещё раз собраться всем за праздничным столом и окунуться в эту волшебную атмосферу. А также, старый Новый год - это {второй | 2-й | 2} шанс загадать свое заветное желание, если вдруг вам не удалось этого сделать в новогоднюю ночь. В ночь с {31 | тридцать первого|31-го} декабря на {1 | первое|1-е} января. Во все времена люди верили, что желания, загаданные в этот праздник, обязательно сбываются. Однако эзотерики уверяют, что для того, чтобы ваше заветное желание, загаданное на старый Новый год, исполнилось, его нужно правильно загадать. Итак, загадывать желание нужно в ночь с {13 | тринадцатого|13-го} на {14 | четырнадцатое|14-е} января {2019 | две тыщи девятнадцатого | две тысячи девятнадцатого} {года|г|} . Причём желательно это сделать ровно в полночь. А теперь давайте разберёмся, как нужно загадывать заветное желание на Старый Новый год, чтобы оно стало явью. Сначала нужно подготовиться к этому обряду и хорошо обдумать, о чем вы хотите попросить Вселенную в эту сказочную ночь. Затем чётко сформулируйте своё желание и помните, что получить всё и сразу невозможно, поэтому правильно расставьте приоритеты. А когда вы будете формулировать своё желание, не используйте частичку ""не"", так как это будет отрицание, и ритуал может не сработать. Также нужно помнить, что загаданное желание не должно нести в себе вред для других людей, оно должно быть светлым и позитивным."
multivariant-v2-custom,80,"Ух ты, и снова я, Александр {Криволап|Криволат|Криволад} , Печенеги. Ребята, сегодня {24 | двадцать четвёртое} мая {2021 | две тысячи двадцать первого} {года|г} . Я сегодня снимал видео у соседей, белую спирею Вангутта но у них большая уже, где-то {метр 75|метр семьдесят пять|1.75 м} в высоту. А наша вот видите маленькая, маленькая, да удаленькая. Жена её <*> можно так сказать, корешок был маленький-маленький. И она {водилась|возилась} с этой <*> Вангутта, как с маленьким ребёнком. Возилась, да и будет возиться, пока она не вырастет. Не вырастет с маленького корешочка. Смотрите какая красота получилась, белая спирея <*> Вангутта. {Маленькая|Маленький} {маленькая|маленький} корешок был, а уже подросла наша спирея где-то на {25 | двадцать пять} {30 | тридцать} {сантиметров | см} . Молодые побеги этого года {25 | двадцать пять} {30 | тридцать} {сантиметров | см} смотри, где-то {25 | двадцать пять} {30 | тридцать} {сантиметров | см} . Как жена к ней отнеслась, ухаживала, лелеяла, так и она, белая спирея Вангутта, отвечает ей любовью. А цветёт белая <*> спирея Вангутта от {2 | двух} до {3 | трёх} недель. Красавица маленькая, красавица, ну всё ребята, всем пока-пока, с вами был Александр {Криволап|Криволат|Криволад} , Печенеги, не забывайте свою спирею {поливать}"
multivariant-v2-custom,87,"Если судить, закономерно или нет дали награду {MVP|МВП} {Каваю Ленарду|Каваю Леонарду|Kawhi Leonard} , то можно здесь разделять сам {плей-офф|плейофф|playoff|play-off} и финальную серию на {первые | 1-е} {два | 2} матча финальной серии и оставшиеся матчи финальной серии. Если говорить о первой части, то есть о {первом | 1-м|1} и {втором | 2-м|2} матче, то естественно, никто не рассматривал бы {Кавая Ленарда|авая Леонарда|Kawhi Leonard} даже как претендента, учитывая его игру. Он набирал {там} по {9 | девять} очков, {там} несколько подборов делал в среднем за матч, но ключевым для него {была | было} оборона, его защита против {LeBron James|Леброна Джеймса} . Он с ней в принципе довольно успешно справлялся, но как, {и} повторюсь, как претендент на {MVP|МВП} он не рассматривался. Если говорить о том, что произошло с ним после {второго | 2 | 2-го} матча, я не знаю, что ему говорил <*>, говорил ли ему что-то, какую дополнительную мотивацию {он для…} он для него нашёл. Но мы {увидели|видели} другого {Кавая Ленарда|Кавая Леонарда|Kawhi Leonard} , который бросает с периметра, который не боится брать на себя инициативу, который смело идёт под кольцо, забивает мясные данки в стиле самого {LeBron James|Леброна Джеймса} , которого он держал, который забивает гениальные {путбеки|путбэки|putback<и>} , мы видим. {Ну,} это был другой {Кавай Леонард|Кавай Ленард|Kawhi Leonard} , и этот {второй | 2-й | 2} {Кавай Леонард|Кавай Ленард|Kawhi Leonard} действительно {являлся…} являлся претендентом на награду {MVP|МВП} , и он её получил. Мог ли я это предположить? Ну {наверно | наверное} , пожалуй, нет. Я себя отношу к консерваторам в этом вопросе. Я бы отдал награду {MVP|МВП} {Тиму|Tim} , всё-таки он {как бы} уже подходит к завершению {своей…} своей карьеры, а {у} {Кавая Ленарда|Кавая Леонарда|Kawhi Leonard} ещё всё впереди. Но лига решила так, и в принципе {ну,} {мы…} мы это решение принимаем, мы <*> не можем оспорить его, и, конечно, {Кавай | Kawhi} заслужил эту награду за {три | 3} последние игры, его {20+|20 +|двадцать +|20 плюс|двадцать плюс} , его {10+|10 +|десять +|10 плюс|десять плюс} подборов, доминирующая игра на своей половине площадки {на…} под кольцом с {Майами | Miami} . {Ну} молодец, что я могу сказать."
multivariant-v2-custom,23,"Всем привет, дорогие друзья! Сегодня в этом видео я вам хочу рассказать про {c-scalp|cscalp|Си-скальп|Сискальп} . {Вот,} я говорил, что мы сделаем, так сказать, аналитику {c-scalp<а>|cscalp<а>|Си-скальпа|Сискальпа} и <*>. {Вот,} про терминал данный расскажу, покажу как его можно подключить. Рассмотрим сегодня на примере биржи {By-bit|ByBit|Buy-bit|BuyBit|Бай-Бит|БайБит} . {Вот,} {также|~так же} покажу как скачать, как настроить стакан, что {вообще} там показывают, {ну} {и} для чего это вообще нужно. {Первое | 1-е | 1} - большое спасибо всем тем, кто меня поддерживает, подписываться на канал, ставить лайки, очень приятно, мотивирует. Большое вам спасибо, вы молодцы, желаю вам большого профита и развития в данной системе. Теперь перейдём к теме нашего видео. Для того чтобы скачать {c-scalp|cscalp|Си-скальп|Сискальп} на компьютер, {вот,} я оставлю ссылку в описании к этому видео на сам терминал. {Вот.} Для того, {чтобы|~чтоб} скачать, вам нужно {вот} сюда ввести свой {email|e-mail|емейл|е-мейл|имейл|и-мейл} рабочий и нажать на клавишу ""скачать бесплатно"". После чего вам на ваш {email|e-mail|емейл|е-мейл|имейл|и-мейл} приходит письмо, в котором будет сама ссылка на терминал и лицензия. {Вот.} Это вы все скачиваете на компьютер, после чего устанавливаете сам терминал на компьютер. Также смотрите, будет вкладка? то есть лицензия, {вот} этот файл, его сохраняете в каком-нибудь надёжном месте для того, {чтобы|~чтоб} при установке вы укажете путь на эту лицензию. {Вот.} Потому что я {первый | 1 | 1-й} раз {там} тупил, не мог понять, что за лицензию от меня {требуют|требует} , {вот} поэтому она идёт тоже в письме, которое вам вышлют на ваш {email|e-mail|емейл|е-мейл|имейл|и-мейл} . После того как вы скачали, установили, нужно… {Ну,} придумали пароль, {вот,} У вас будет {вот} такое {вот} окошко, то есть, вот главная страница данного инструмента, данного терминала. Можно посмотреть {в} {скольки|скольких} биржах, на каких биржах он вообще работает, с какими биржами, то есть это {Binance | Бинанс} понятно, там {FTX|ФТХ|ФТ Икс} , {By-bit|ByBit|Buy-bit|BuyBit|Бай-Бит|БайБит} , <*>."
multivariant-v2-custom,39,"Ты уже позавтракала? {Неа|Не-а|Не|Нет} , только начала. <*> ты в порядке? Да. Всё хорошо. Поверю на этот раз. Ну так что ты хотела? Точно! Я хотела предложить сходить сейчас в магазин за канцелярией. Завтра ты пойдёшь в школу. Я ещё поваляюсь на полу и пойду собираться, ты не против? Окей, но дай кружку я её помою. Только долго не валяйся, я уже и не помню когда последний раз полы мыла. Что ты сразу то не сказала. Хочу купить берет. Стесняешься отсутствия {пряди|прядей} на макушке? Просто голова пустой выглядит. Я чувствую себя пингвином. Если ты пингвин, то самый милый. Одень ещё это. Одену, но я буду выглядеть в нём уродливо. Я всё специально для тебя делала, так что это невозможно. Мне идёт? Ты выглядишь прекрасно. Ты не представляешь, как я хочу снова иметь подростковое телосложение. {Хаха|Ха-ха|} Я тебя удивлю, это заметно. Кстати мы ещё к врачу зайдём. <*> Простите, но вам придётся пройти через это, а я буду с вами. Но ты купишь мне мороженое. Как же давно я себя так хорошо не чувствовала. Ой, прости, я не услышала, что ты сказала? Говорю погода хорошая. Она и вправду чудесна. Кто последний, тот разговаривает с врачами. Я не буду с ними говорить. Сколько тебе лет, золотце? {14 | четырнадцать} . Я к врачу больше не пойду. Ладно, тогда за канцелярией. Какую ты себе хочешь? <*> А, то что со {студии|студией} на главной улице? Ага, она красивая и круто играет. <*> правда? А ты знала, что все наряды, в которых она снималась - сшила я? То есть, ты с ней разговаривала? Чуть-чуть, она не очень разговорчива. А можешь сшить мне такие же наряды? Блин, так спать охота. Ага, спокойненькой. Ой, да ну. Если так подумать, странная {это|эта} книга."
multivariant-v2-custom,34,"Ну вот и вышла {вторая | 2 | 2-я} часть интересных фактов про Марс. А если вы не видели {первую | 1-ю | 1} , то обязательно посмотрите. Вы никогда не задавались вопросом, какая температура может быть на Марсе и пригодна ли она для жизни? Днем температура Марса составляет примерно {30 градусов| тридцать градусов|30°C|30 °C|тридцать °C} , а ночью может достигать до {минус 140 градусов|-140 градусов| минус ста сорока градусов|-140°C|-140 °C|минус 140°C|минус 140 °C|минус ста сорока °C} . Вы наверное не раз слышали о том, что на Марсе есть внеземная жизнь или была когда-то. Давайте поговорим подробнее. На сегодняшний день жизнь на Марсе невозможна из-за специфических погодных условий. Дело в том, что давление там запредельно низкое, а это, как известно, чревато моментальной гибелью живого организма. Это хоть и интересный факт, но слишком очевидный, не так ли? Важнейшим отличием Марса от Земли является тот факт, что у Марса отсутствует озоновый слой. Именно по этой причине, когда на планете восходит солнце, она подвергается мощнейшему радиоактивному облучению, которое также исключает {возможность|возможности} жизни на Марсе. У Марса есть {два | 2} спутника: Фобос и Деймос. Деймос является самым маленьким спутником по размеру во всей Солнечной системе. Я уже рассказывал о нём в одном из предыдущих видео. Ссылку я оставлю в описании или на экране. Гравитация на Марсе на {62 процента|шестьдесят два процента|шестьдесят два %|62 %|62%} ниже, чем на Земле. Иначе говоря, если человек весит {60 | шестьдесят} {кг | килограммов} , тогда на Марсе он бы весил всего {22 | двадцать два} {кг | килограмма} , что позволило бы подпрыгнуть в {3 | три} раза выше, чем на Земле. На Марсе, как {и} на Земле, имеются кратеры, каньоны, горы и долины. Гора Олимп, которая находится на Марсе, является {2 | второй | 2-й} по высоте во всей Солнечной системе и составляет {двадцать два целых пять десятых | 22.5} {км | километра} от своего основания, а в диаметре имеет {600 | шестьсот} {км | километров} . Интересен и тот факт, что масса планеты Марс почти в {10 | десять} раз меньше, чем у нашей родной Земли, хотя диаметр Марса около {6800 | 6,800 | шесть тысяч восемьсот} {км | километров} , что практически в {2 | два} раза меньше земного. Теперь давайте поговорим, кто впервые увидел Марс в телескоп. Это сделал Галилео Галилей в {17 | семнадцатом | XVII | 17-м} веке. До сих пор непонятно, как Римляне дали название Марсу,"
multivariant-v2-custom,50,"Здравствуйте друзья, меня зовут Татьяна {Рыпакова|Рыбакова} , я исполнительный директор компании {Реал-Проект|РеалПроект} . И сегодня мы поговорим о перепланировке квартиры в новостройке. Все застройщики строят квартиры для среднестатистического человека или семьи. Они не могут учитывать все наши пожелания, образ жизни и объективную ситуацию. Кому-то вместо большой комнаты нужна большая кухня-гостиная. Кто-то любит принимать ванну и хочет просторный санузел. А кто-то предпочитает душевую кабинку. Выходом из этой ситуации является перепланировка квартиры. В этом видео я расскажу вам {6 | шесть} интересных идей перепланировок {квартир|квартиры} в новостройке. Мы возьмём реальные примеры жилых комплексов от наших партнёров. Начнём с {1-комнатной | однокомнатной} квартиры. Перед вами однушка стандартных размеров: маленькая кухня и большая комната. При этом в квартире есть большой коридор, в котором ничего не поставить и раздельный санузел - причём по разные стороны коридора. Перепланировка в большей степени коснулась коридора и санузлов. Мы расширили ванную за счёт коридора, а из туалета сделали гардеробную, немного расширив её также за счёт коридора. Площадь комнаты почти не изменилась, кухня стала больше за счёт коридора. Ещё можно было бы снести перегородку между кухней и комнатой и сделать просторную кухню-гостиную. С каждым годом люди все чаще и чаще выбирают такой вариант перепланировки. {Вторая|2-я} перепланировка - также {1-комнатная | однокомнатная} квартира с таким же бесполезным {восьмиметровым|8-метровым} коридором и раздельным санузлом. Сносим стены, делаем гардеробную, объединяем санузлы и получаем светлую квартиру с просторной кухней-гостиной почти {29 | двадцать девять} {квадратных метров|кв. м.} , {5-метровым| пятиметровым} санузлом и гардеробной. Двигаемся дальше! Теперь на очереди {2-комнатные | двухкомнатные} квартиры. Перед вами {2-комнатная | 2-х комнатная | 2х комнатная | двухкомнатная} квартира с классическим расположением комнат и кухни: параллельно друг другу. И снова огромный {и} ненужный коридор и {два | 2} маленьких санузла. Если у вас ещё нет детей или наоборот ваши дети уже выросли и только приезжают в гости тогда вам ничто не помешает из комнаты и кухни сделать кухню-гостиную, снеся большую часть перегородки. {Один | 1} санузел мы без проблем расширяем за счет коридора. А из {второго | 2-го | 2} снова делаем гардеробную {и} в итоге получаем большую светлую кухню-гостиную."
multivariant-v2-custom,64,"Привет, сегодня мы будем знакомиться с {ФЛ | FL} и напишем свой {первый | 1 | 1-й} трек прямо сейчас. Заходим в {ФЛ | FL} . В самой главной панели, где открываются и закрываются все важные элементы нашей рабочей станции, ищем и нажимаем кнопку channel rack. Эта кнопка откроет наш {секвенсер|секвенсор|сиквенсер|сиквенсор|sequencer} , здесь мы будем добавлять {семплы | сэмплы | sample<ы>} различные синтезаторы, писать мелодии и многое другое. Ещё нам нужно открыть внутренний браузер, нажав на кнопку view browser. И для начала выберем пару звуков и добавим их в наш {секвенсер|секвенсор|сиквенсер|сиквенсор|sequencer} . Ищем папку packs, в ней собраны стандартные звуки {ФЛ | FL} . Выберем kick и перетянем его левой мышкой в {секвенсер|секвенсор|сиквенсер|сиквенсор|sequencer} . Можно заменить этим {семплом | сэмплом | sample<ом>} уже существующий звук или добавить его рядом. Закидываем нужные нам звуки, с {которыми | которых} будем писать трек. Трек начнём с выбора темпа. Мы не просто выберем из готовых вариантов, а накликаем сами. Нажимаем правой мышкой на темп и выбираем tab. Можно поиграться и посмотреть какой темп нам подходит лучше. Закрываем {и} сразу пропишем нашу ударную партию. Есть {2 | два} варианта. {1 | 1-й | Первый} - нажимаем на кнопки, {оставляя | проставляя | расставляя} тем самым наши ноты в {паттерны|~патерны} ."
multivariant-v2-custom,55,"Стоять. {Обрати|Обратил} внимание, что ты не ушел {да} по факту. Вернись, опять вот ты со мной стоишь, {да?} Опять вот <*> ты на задней ноге, я на задней ноге, вот мы с тобой правша, левша, {а тут} пытаемся тут ногами {да,} друг {друга|другу} {наступить|заступить} , {да?} Опять {пытаешься|пытаемся} уйти вправо ногой. Что происходит? <*> фишка знаешь в чём заключается? Становись в правшу, я встану в левшу. Смотри. Я {сейчас | щас} буду пытаться правой ногой уйти вправо, как бы зайти за твою ногу, {да?} А тебе <*> а ты правша {да?} {да} Смотри. Что ты видишь? Что ты видишь <*> я наоборот открываюсь ситуация в чём заключается: ты стоишь узко на ногах. Видишь ноги узко, у тебя правая нога стоит за {левой} , ой, левая нога стоит за правой. Ты вроде бы когда стоишь на месте, здесь ещё более-менее но как только ты теперь правша сделаешь полшага <*> <*> Раз, а ты не можешь сделать, почему? Стоя на узких ногах, посмотри что происходит с твоей <*> правой <*> ногой? Ты пытаешься шагнуть вправо. А голова-то остаётся на месте. {ага|угу|} Тебя просто разворачивает. {да} Тебя как левшу разворачивает, и тебе некомфортно, то есть ты просто открываешься под удар. Из-за того что твоя задняя нога стоит за передней Как только ты встанешь. Поставь свою руку, {вот} {просто} держи руку, смотри. Теперь моя задняя нога не стоит за моей передней ногой. {ага|угу|} Посмотри. Я как стоял {вот} в этом положении, я и с правой и с левой руки, всё, я как {вот} был {вот} здесь. А теперь я {дал|взял} ногой в сторону. Что оказалось - моя голова ушла с линии атаки? Да, а теперь опять повторяем: моя правая нога стоит за <*> левая нога, как ты {и} стоял на узких ногах. И теперь я правой ногой делаю в сторону. Я по факту остаюсь на месте. меня просто"
multivariant-v2-custom,57,"Разговор на просёлочной дороге. Что человек? Одно из двух. Кремень или тончайший пух, Когда витает {~не причастен|непричастен} к делам войны, обманам власти Его необоримый дух. Легла роса, весь мир согрет. Выходим из {дому|дома} чуть свет, {Чтоб|Чтобы} за беседой по дороге Товарищ мой, коллега строгий Нашёл на {мысль мою| мысли мои} ответ. Вся жизнь <*> Но если в текст её вчитаться, Кому-то, может быть, удастся Проникнуть в смысл бытия. Идём гуськом, ему {виднее|видней} , Зачем блуждать среди теней. Тропинка узкая такая, Не разойтись, не спотыкаясь, Со встречным путником <*>. Пришли. В траве отражена, Деревьев высится стена. Совсем тропинка потерялась. Уверен он, что здесь начало Исток, причина <*> Вот человек. Разомкнут круг, С небес слетела птица {Рух|Рухх} , Когда остался непричастен {Горящий|Горящей} факелами власти Свободный и нетленный дух. Молчим. <*> Что уповать на чудеса, Мы бродим долго и в надежде, Как <*> прежде. В <*>"
multivariant-v2-custom,15,"Всем привет друзья, с вами {Денчика|Денчико} . В этой серии я попытаюсь добыть талисман крушителя за час находясь только на {спауне | spawn<е> | спавне} . Звучит невозможно, но я попробую. Ролик получился безумно интересным, поэтому попрошу вас поставить ролику лайк, подписаться на канал и написать любой комментарий. Играл на проекте {FunTime|ФанТайм|Fun Time|Фан Тайм|FonTime|ФонТайм|Fon Time|Фон Тайм} . Всем желаю приятного просмотра. Начал я свой ролик со стартового баланса {100 тысяч|сто тысяч|100000|100,000} монет, потому что у меня не было кейса пионы. Взял {salary|салари} {25 тысяч | двадцать пять тысяч | 25000|  25,000 | 25 тыщ | двадцать пять тыщ} , и с этого баланса я точно начал своё развитие, чтобы было немножко побыстрее, и потому что у меня просто не было пионы. И сразу же меня ждало вот это, аукцион не загружался, и я решил не тратить время и побежать на {автошахту|авто-шахту} , чтобы там получить немножко денег, пока аукцион не отлагает. Для начала мне нужно заработать немного баланса, чтобы купить себе хорошую кирку на бульдозер, потому что единственные заработки на {спауне | спавне | spawn<е>} это аукцион и {автошахта|авто-шахта} . На {первое | 1-е | 1} время я взял себе вот такую кирку за {50 тысяч | пятьдесят тысяч | 50000 | 50,000} . Эффективность {3 | три} , прочность {3 | три} , магнит и {автоплавка|авто-плавка} . Кирка была не сок, но всё-таки на {первое | 1-е | 1} время мне этого хватило. Вот моя {первая | 1-я | 1} {автошахта|авто-шахта} с обычной {эффективность|эффективностью} {3 | три} киркой. Это просто какие-то мучения. Тут я понял, что эта кирка вообще ни на что не способна, и я решил просто бегать за буром и лутать ресурсы у него, также по пути забирая алмазы, которые он не заметил. Продаю все ресурсы с {автошахты|авто-шахты} скупщику и дальше ищу нормальный заработок, потому что с этой киркой на {автошахте|авто-шахте} невозможно ничего нормально накопать. Мне нужны любые деньги, любой способ заработка. Я в бочке на {автошахте|авто-шахте} нашёл камень и продавал {100 | ста | сто} камня за {5000|5,000|пять тысяч|пять тыщ|5 тысяч|5 тыщ} . Это хотя бы что-то. Мне нужно хотя бы {150 тысяч|сто пятьдесят тысяч|150 тыщ|сто пятьдесят тыщ|150000|150,000} на нормальную кирку. Далее в мою голову приходит просто гениальная идея. Крафтить опыт. Далее я начал крафтить опыт и продавать {один|1} бутылёк за {99 тысяч|девяносто девять тысяч|99000|99,000} , а иногда даже за {999 тысяч | 999000 | 999,000 | девятьсот девяносто девять тысяч} . Так сказать, решил попробовать получить легкие деньги, и у меня получилось. Мой опыт покупался и мой баланс мгновенно увеличивался. Пока не было {автошахты|авто-шахты} , я зарабатывал деньги на опыте. Мой баланс просто изменялся каждую секунду. Люди скупали обычный пузырек опыта за {30 тысяч | 30000 | 30,000 | тридцать тысяч} ."
multivariant-v2-custom,30,"Привет! На связи, как обычно, Антон. Сегодня подготовил для вас подборку самых маленьких моделей машин, которые наверняка удивят. Присаживайтесь поудобнее, берите скорее чаёк, а {также|~так же} не забудьте порадовать меня своим лайком и комментарием под роликом. И обязательно смотрите этот выпуск до конца. В конце {один | 1} из вас получит {пятьсот рублей|500 рублей|500 р|500 ₽|500₽} . Ну что, погнали! И {первая | 1-я | 1} модель на очереди, старый {и} добрый Москвич. Правда, он {нехило|не хило} так модифицирован. Модель обзавелась новым шасси, шикарным водительским местом с замшевыми мягкими подушками, а также круглым кожаным рулём. Места внутри неё недостаточно для взрослого человека, но для ребёнка самое оно. Самое прикольное в этой модели то, что {это - тачка|эта тачка -} {lowrider|low rider|лоурайдер|лоу райдер} . Она имеет очень низкий клиренс и умеет прыгать. На автомобиль установлена гидравлическая подвеска, позволяющая управлять положением каждого колеса и опускать кузов до земли. Такой эффект не может не привлечь к себе {внимание|внимания} окружающих. Да и согласитесь, видеть подобное невероятно круто. Образ дополняют хромированные колесные диски классического дизайна, передние и задние фары нестандартной формы, а также {всеразличные|все различные} гравировки и прочие декоративные элементы. Что ж, кажется, у меня уже есть {первый | 1-й | 1} фаворит. А далее у меня на очереди модель мини-бульдозера. Полезная штука, скажу я вам. И детишек есть чем занять, и с уборкой снега приходится меньше возиться. В качестве образца автор решил использовать гусеничный трактор {Caterpillar|Катерпиллер|Кэтерпиллер|Каттерпиллер|Кэттерпиллер|Катерпиллар|Кэтерпиллар|Каттерпиллар|Кэттерпиллар} и создать его уменьшенную версию. Самоуправление такой {машины|машиной} довольно простое. Достаточно лишь жать на педали и вовремя поворачивать руль.  Скорость модели довольно мала, {~от чего|отчего} врезаться во что-то или потерять управление точно не выйдет. Выполнена она в ярко-жёлтом цвете. Поворот отвала, а также его подъём можно регулировать вручную. Пожалуй, этой машинкой я пополню свой список крутых моделей. Следующая модель – это {мини-скутер|минискутер} . Вот знаете, если бы он просто стоял {один | 1} на дороге, я бы подумал, что это самый обычный полноразмерный экземпляр. Но нет, габариты этого малыша едва ли доходят до уровня колен взрослого человека. Он выполнен в бело-зелёном окрасе с принтами в виде небольших наклеек. Скутер также оборудован удобной сидушкой, которая одновременно служит багажником и самым обычным рулем. Легко проходит повороты и резкие развороты. Разгоняется такой тоже довольно неплохо, {~от чего|отчего} на нем вполне можно кататься, но лишь подростку или ребёнку. Вот смотрю я на этих малюток и самому хочется попробовать. Правда"
multivariant-v2-custom,2,"Привет тебе, мой дорогой друг, и сегодня мы с тобой быстро-быстро красиво модернизируем вот такие вот обыкновенные {шампура|шампуры} , которые я купил в Магните. Там {что-то | чё-то} в районе {200 | двухсот} - {300 | трёхсот} рублей. И {Первое, что нам нужно…} Первое, что нам нужно - это разогнуть их. Поверьте, разогнуть их довольно тяжело, потому что это реально сталь. {Мы} сейчас пойдём на наковальню. Проблема вся в том, что они очень сильно греются. Они безумно греются. И реально повернуть - я просто обжигаю руку. Допустим у меня есть <*> более лёгкого металла, они не греются, а вот эти, видимо из-за того что очень сильная теплоотдача, безумно греются. Подготовлено. Для рукоятки я возьму не абы что, {А} вот такое вот, акацию. Решил не делать полностью всё из акации, взял вот такой вот акациевый пенёчек. На всякий случай {вот} {эту} трещину я залил клеем, а также взял яблоню вот такую. Она у меня давно уже была подготовлена, давно залита клеем, поэтому она не разлетится. Это уже {всё,} всё подготовлено было, ну {и} {щас | сейчас} пойдём точить. Я думаю, что скорее всего сейчас ещё поснимаю фазочки на вот этом большом бруске. {Чтобы | Чтоб} более круглый был. И уже перейдём непосредственно к токарничку."
multivariant-v2-custom,35,"Друзья, наконец самое приятное во всём производстве кукурузного самогона. {Сейчас|Щас} будет дегустация. Для того, чтобы ещё немножко подержать вас, в томительном ожидании, я расскажу: из {13 | тринадцати} {килограмм | кг} , даже может быть {двенадцать семьсот | 12,700} {килограмм | кг} кукурузной каши, у меня получилось почти {10 | десять} литров кукурузного самогона, то есть где-то {9.5 | девять с половиной} , {9.6 | девять и шесть} {литров|л} . Недавно мне замечательный друг и подписчик подарил набор {спиртомер…} спиртомеров {АСП3|АСП-3|АСП три|ASP3|ASP-3|ASP три} , сейчас мы его будем проверять. Я проверил температуру, температура кукурузного самогона {девятнадцать и девять | 19.9 | 19 и 9} градусов. Сам спиртомер {АСП3|АСП-3|АСП три|ASP3|ASP-3|ASP три} со шкалой от {40 | сорока} до {70 | семидесяти} , он {клеймёный|~клеймённый} , то есть он прошел {гос. поверителя|госповерителя} , то есть он прекрасно и идеально показывает. Я опускаю в мерный цилиндр. Здесь {54 | пятьдесят четыре} , даже {55 процентов | пятьдесят пять процентов | 55 % | 55% | пятьдесят пять %} спирта. {А} я примерно так и разводил кукурузный самогон по своему обычному, бытовому спиртомеру. {И у меня|у меня|мне} там {показывало|показывал} где-то {52 | пятьдесят два} - {54 | пятьдесят четыре|54%|54 %} , потому что слишком маленькое было расстояние между шкалами. Я не знаю это хороший выход самогона из каши или {не хороший|~нехороший} , меня вполне устраивает это при всём при том что я ещё отобрал {~пол-литра|поллитра|0.5 литра|0.5 л} <*> голов крепостью почти {88°|88 градусов| восемьдесят восемь градусов} . Ну хватит о интересном, давайте {о приятном|по приятному} . По поводу дегустации: всё, что вы видите - это декорации, то есть это все вкусное и съедобное. Но у нас сейчас не дегустация продукта, а дегустация самогона, поэтому для меня очень важно и принципиально, чтобы все мои рецепторы были девственно чистыми и они прекрасно могли почувствовать именно вкус и аромат самогона, поэтому я буду закусывать только свежим огурчиком. Аромат. Когда нюхаешь кукурузный {~дистилят|дистиллят} или кукурузный самогон даже не слышно запаха крепости, то есть запаха спирта."
multivariant-v2-custom,65,"{Дарова|Здарова|Здарово|Здорово|Здорова} дружище, это {V Rising | в райзинг} и {гайд | guide} по боссам. У него довольно простая цель - показать тебе всех боссов, которые есть в игре, показать каких {скиллов | скилов | skill<ов>} каких атак, каких фаз от него ждать, как примерно можно реагировать или не нужно реагировать на них, естественно, помочь тебе пройти тех, на ком у тебя большие затыки. Я {типа|типо} не какой-то {pro | про} игрок, который очень круто умеет играть. Да у меня есть какой-то {скилл | скил | skill} , да я играл в <*>, поэтому мне чуть проще, но тем не менее в этой игре очень важно соблюдать {2 | две} вещи: это твой {gear score|гирскор|гир скор} , то есть твой уровень качества крови и тип крови под твое оружие и {под} твои {скиллы | скилы | skill<ы>} , которые ты будешь использовать. Скажу сразу - любое оружие, любые {скиллы | скилы | skill<ы>} , всё это может быть использовано против босса. Не иди на поводу у тех, кто говорит ""вот это имба, а вот у меня арбалет имба, а вот у меня коса имба"" и так далее. Я лишь показываю {и} передаю свой опыт, то как мне кажется будет максимально приятно и комфортно. Если тебе понравится подобный стиль - юзай его. Если не понравится, используй другой. {Преимущества|Преимущество} этой игры - что она всё равно так или иначе скиллозависима, что {и} позволяет дополнительно позволить тебе раскрыть своего персонажа так, как ты хочешь. Поэтому на боссах самое главное обратить внимание: какие у него есть {скиллы | скилы | skill<ы>} , какие тайминги и как под него лучше подобрать свою тактику, а свои дальнейшие действия ты будешь уже предпринимать самостоятельно. Смотри, для чистоты эксперимента я, разумеется, {скиллы | скилы | skill<ы>} взял те, которые тебе будут доступны. Это кровавый {вот этот | этот|} прыжок у нас, {shadowbolt|shadow bolt} и <*>. Соответственно, с них мы и начнем. Для начала очевидно, да этот босс самый простой. Я, по большому счёту, пока не появилась коса, всё это время тусовался с чем? Правильно, с копьём. Потому что лично по мне оно самое удобное. Плюс соответственно та самая C, которая защищает нас от удара ближайшего и наносит {такой} хороший массовый дамаг, очень полезная штука я {б|бы} тебе сказал. Поэтому её надо использовать, {ну,} максимально часто, плюс она ещё дает дополнительный отхил, что, очевидно, хорошо. {Щас | Сейчас} мы разберёмся с маленькими и, так сказать, максимально тусанём с ним. Мне повезло, пока я бежал, мне попался <*>. Что, очевидно, удобненько. У волка атак минимум, его рывки спокойно контрятся, ты просто от них уходишь и всё, потом он делает {вот} этот"
multivariant-v2-custom,17,"Помимо {всем…} всех тех товаров, про которые мы с вами уже разговаривали, хочется проговорить с вами про отдельную такую нишу и категорию детского товара, как {автокресла|автокресло} . Мы являемся официальным дилером норвежского бренда {Be Safe|BeSafe|Би Сейф|Бисейф|Би Сэйф|Бисэйф} . {И} здесь надо сделать небольшую ремарку {и} рассказать в принципе про сами автокресла как таковые. Они все делятся по {трём|3} основным категориям. Безусловно, у разных производителей это своё видение {и} своё деление, но в общем и целом рынок делится на {три | 3} основных группы как таковых. {Первая | 1 | 1-я} группа – это от {0 | нуля} до {12 | двенадцати|12-ти} месяцев, {вторая | 2 | 2-я} группа – это от {12 | двенадцати|12-ти} месяцев до {4 | четырех|4-х} лет и {третья | 3 | 3-я} группа – от {4 | четырех|4-х} лет до {12 | двенадцати|12-ти} . Конечно, есть ещё отдельные моменты, которые касаются роста, веса и так далее, но для общего понимания пользователя это {такой|такое} достаточно яркий параметр, по которому кресла делятся. Сейчас мы говорим сами про {кресло|кресла} {Be Safe|BeSafe|Би Сейф|Бисейф|Би Сэйф|Бисэйф} , {которое|которые} , как я говорил, норвежское производство и норвежский бренд как таковой, и группа в первую очередь про {12 | двенадцать} месяцев {-|тире} {4 | четыре} года. Эта модель у нас называется {EasyComfort|Easy Comfort|ИзиКомфорт|Изи Комфорт} {X3|X 3|икс 3|X три|икс три} и она представлена в двух {вариантах | вариациях} исполнения. Значит, это {EasyComfort|Easy Comfort|ИзиКомфорт|Изи Комфорт} {X3|X 3|икс 3|X три|икс три} с {изо фиксом|изофиксом | isofix<ом> | iso fix<ом>} , а {эта|это} непосредственно без {изо фикса|изофикса | isofix<а> | iso fix<а>} . Её достаточно часто спрашивают, конкретно именно эту модель, по {одной | 1} простой причине – она фиксируется к автомобилю стандартным ремнём безопасности. То есть {нету|нет} никаких ограничений с точки зрения возможности поставить кресло на переднее сиденье и в целом автоматически данное кресло совмещается с любым автомобилем, какой бы марки {оно|он|она} {ни|~не} {было|был|была} и где бы вы им {ни|~не} пытались воспользоваться. Из основных преимуществ – это возможность изменения угла посадки как таковое, это присуще обоим моделям, то есть {и} здесь и здесь одинаковая схема, я достаточно легко кручу данную крутилку внизу, которую вы наблюдаете, и собственно кресло меняет посадку. Это достаточно простая система установки, то есть здесь есть специальные вот такие вот посадочные места, куда продевается ремень безопасности, везде есть инструкции, то есть, что достаточно удобно, вы никогда не забудете, вам не нужно обращаться в {YouTube | Ютуб | Ютьюб} , либо к инструкции о том, как это сделано, здесь подсказка простая. И достаточно простой механизм, который прижимает данное кресло непосредственно к креслу автомобиля. Тавтология, но вы поймёте, и в принципе логика ясна, то есть небольшой эксцентрик, который натягивает ремень и тем самым жёстко фиксирует кресло непосредственно в автомобиле."
multivariant-v2-custom,67,"Вот они, все {23 | двадцать три} шага, которые мы должны выполнить, чтобы у нас получился рабочий  {веб-сайт|вебсайт|web сайт} . В этом обучении мы пройдёмся по каждому шагу, который будет понятен даже новичкам. Так, чтобы ты смог сделать свой собственный {веб-сайт|вебсайт|web сайт} после просмотра этого видео. Привет, я Андрей, и я научу тебя создавать свои {веб-сайты|вебсайты|web сайты} . Создавать {веб-сайты|вебсайты|web сайты} невероятно просто. По сути, сейчас это просто ""перетащи и вставь"". Ты можешь создать и сделать всё, что захочешь. От текста. До шрифта, заднего фона и картинок.  Ты даже сможешь создать видео на заднем фоне, добавлять секции вопрос-ответ, анимации, контакт-формы. Ты сможешь изменять и перемещать секции. Ты сможешь удалять или изменять. Ты можешь сделать или изменить всё, что захочешь, и твой {веб-сайт|вебсайт|web сайт} будет смотреться хорошо на различных платформах. {~Не важно|Неважно} будет это телефон, планшет или компьютер. Итак, если ты готов следовать этим {двадцати трём | 23} шагам, давай же начнём. Окей, мы уже закончили с введением. Это был пункт номер {один | 1} , так что {мы} можем поставить здесь галочку. Прежде, чем мы перейдём к следующим шагам, я должен объяснить пару вещей. Итак, в описании к этому видео вы найдёте тайминги. Так что если тебе просто неинтересна эта часть или ты заскучал, можешь просто промотать её. {Второе | 2-е | 2} . Я буду объяснять всё достаточно медленно, чтобы каждый смог понять это. Так что если я слишком медленен для тебя, то просто поменяй скорость. Или используй тайминги в описании к этому видео. И {третье | 3-е | 3} . Мы будем строить наш {веб-сайт|вебсайт|web сайт} на основе {Вордпресса | WordPress<а>} . {Вордпресс | WordPress} — это самая популярная платформа для строения сайтов. На нём построено более {30 процентов|тридцати процентов|тридцати %|30 %|30%} всех сайтов в интернете. Это великолепная программа, к тому же {open source | опенсорс | опен сорс} , поэтому она идеально подходит нам. Теперь мы можем перейти ко {второму | 2-му | 2} шагу. Чтобы {второй | 2-ой | 2} пункт был для вас более понятен, я должен объяснить, что такое иметь живой {веб-сайт|вебсайт|web сайт} в интернете. Когда ты создаешь {веб-сайт|вебсайт|web сайт} , по сути, тебе надо выполнить {три | 3} шага. {Первый | 1 | 1-ый} — это получить {домен | domain} ."
multivariant-v2-custom,28,"Всем большой привет! Сегодня будем готовить очень вкусную и красивую праздничную закуску ""веточка мимозы"". Чтобы не пропускать новые рецепты, лайкните это видео и подпишитесь на канал. Приятного просмотра! {Пять | 5} варёных яиц разделяем на белки и желтки. А затем натираем их по отдельности на мелкой тёрке. На этой же тёрке трём {100 | сто} {граммов|г} твёрдого сыра. Дальше высыпаем в глубокую миску одну баночку сардины без масла. Разминаем рыбу вилкой. Добавляем измельчённые белки и сыр. Солим, перчим по вкусу. Добавляем {одну | 1} {столовую ложку|ст. л.} майонеза. и хорошо перемешиваем. При необходимости подсыпаем ещё майонез. Должна получиться густая пластичная масса. Теперь из приготовленной массы формируем небольшие шарики. Размером с грецкий орех. Получается {25 | двадцать пять} - {26 | двадцать шесть} шариков. Все эти заготовки обваливаем в тёртых желтках. Затем выкладываем закуску на блюдо, формируя из шариков подобие соцветий настоящей мимозы. Оставшийся желток высыпаем сверху на закуску. Дальше берём веточки укропа и завершаем композицию. Вот и всё. Вкусная и красивая закуска ""веточка мимозы"" готова."
multivariant-v2-custom,43,"Я никуда не ходил, ни в какие караоке, ни к кому не подкатывал. Надо увидеться - {увидимся|увидим} , а ну подойди к трубке! На! Всё! Жорик, это кто звонил? Жена {звонила|звонил} , невозможно разговаривать с человеком с этим слушай, просто через {3 | три} секунды прямой эфир я поэтому волнуюсь, {а|да} хоть через {15| пятнадцать} секунд, что ты докопался до меня? {2 | две} секунды. {одна | 1} секунда <*>. Жорик! <*> Прямой эфир идет, что <*>? Да хоть кривой эфир! Добрый вечер, уважаемые жители Пятигорска, с вами я - Жорик Вартанов вы смотрите <*> и у нас срочная новость. Я ухожу из телевидения, всё! Что? Всё, ухожу {с|из} телевидения, всё! Прошла моя эпоха и мне похуй на это телевидение если честно. Жорик, что с тобой сегодня, ты почему нормально не можешь новости… {А то!} А то, Рудик, то! Что? Короче. Один день я прихожу вчера домой, интернет включил тёлки <*> понимаешь, {что} у нас прямой эфир идёт? {А,} {ну,} короче, в общем, я зашел в интернет и смотрю статья {написан,|написана,} Вася, сколько зарабатывают <*> А столько, Вася, я с них худею, Вася, сколько они зарабатывают. Они наш {род | рот} с тобой зарабатывают {в} {500|пятьсот} раз больше чем мы с тобой. А что ты хочешь, Жорик? Потому, что они в {тысячи|тысячу|1000} раз талантливее тебя, моложе тебя, умнее тебя, поэтому и зарабатывают {Э} Кто? Они умнее? Да? Они талантливее? Да? Что вы говорите! Это {вот} знаешь <*> {неприятное|неприятный} <*> оскорбительное слово, которое используют. Какое оскорбительное слово? Дневник Хача - вот это {которое|который} . И что? И то! Дневник Хача, {да | а} ну опусти камеру чуть-чуть ниже. Если ты, Вася, дневник хача я ежедневник хача тогда. Я еженедельник тогда {я} хача, понял, я отрывной календарь хача, Вася {я} переверну, {и} я снова отрывной календарь <*> Подожди говорю, я один день в Москву приеду, я {тебе | тебя} найду. Я заберу у тебя это название, оно вернётся его законному <*> у тебя даже словарного запаса нет, человеку объяснить, что ты хочешь. Не плюйся в студии, у нас прямой эфир идёт. Я извиняюсь. <*> себя ведешь. Да потому что надоело мне уже это, вот тут это Вася, мне вот <*>"
multivariant-v2-custom,18,"Привет, друг! Как твои дела? Меня зовут {Мак|Макс} Саныч, и я представляю твоему вниманию свой жизненный путь. Я представляю тебе свою {первую | 1-ю | 1} аудиокнигу, которая называется "" <*> современной молодежи"". {Проверена|Проверено} на практике, {и} лайфхаки для тех, кто держит доску объявлений на просторах интернета. В книге собраны все мои ошибки и падения, но несмотря на все, я придерживаюсь своего пути, это путь воина без страха и мусора в голове. Я, как бывший веб-менеджер моего товарища, рекомендую Саню, как профессионала в сайтостроении. Адрес странички ВКонтакте {31605878 | 316 05 878 | три один шесть ноль пять восемь семь восемь} . Рассказ номер {18 | восемнадцать} <*>. Или {Укрпочта|Укр-почта} почта это СССР. Или {Укрпочта|Укр-почта} почта это CСовок. Итак, {7 | седьмое|7-е} ноября {2013 | две тысячи тринадцатого | две тыщи тринадцатого} года. Привет, Саня! Попал я! В общем, кошмар, как люди живут. Я {пять | 5} дней поработал на {Укрпочте|Укр-почте} и понял, что СССР ещё кое-где есть. {Тьфу!|Тфу!|} Низкая зарплата {тыща триста сорок | 1340 | 1,340 | тысяча триста сорок} чистыми в месяц мне не нужна! Я могу со своими способностями в день иметь столько, сколько <*> {зарабатывают|зарабатываю} тут на этой… {1340 | 1,340 | тыща триста сорок | тысяча триста сорок} … Во-вторых, у них у всех мышление советское. Я так устаю, что мне уже не до чего. Вчера я уже отдыхал после работы, мне уже ничего не хотелось. На гитаре порепетировал и маркетинг план составил на месяц. По продаже дисков. Я так устаю, {что | шо} … Пипец, короче! Что делать? Как заработать денег срочно, {а?} Я вот сейчас смотрю {в вебинаре|вебинары|вебинар и} там снова этот классный мультик Про водопровод. {Хе-хе|Хехе|Ха-ха|Хаха|} , классный мультик. Что делать? Как заработать денег срочно, {а?} {Это|Этот} вопрос я себе задаю каждый день. Самое страшное, что на {Укрпочте|Упр-почте} никакой перспективы мне. Стать начальником не светит."
multivariant-v2-custom,53,"Всем привет. Это видео о том, как удалить с компьютера самопроизвольно установленный браузер {Амиго | Amigo} , {Комета | Kometa | Cometa} , искать в интернете от {Mail | Мейл | Мэйл | Майл} {ru | ру} , одноклассники {Mail | Мейл | Мэйл | Майл} {ru | ру} {updater | апдейтер} служба автоматического обновления программ, {Спутник | Sputnik} {Mail | Мейл | Мэйл | Майл} {ru | ру} или другой софт от {mail | мейл | мэйл | майл} {ru | ру} . Перечисленный {soft | софт} часто ассоциируется с вирусным, так как устанавливается он самопроизвольно или если при установке {нелицензионного|~не лицензионного} ПО или того, которое загружено с непроверенных источников, пользователь не убрал в определённом месте галочки, подтверждающие необходимость установки данных программ. А удалить их стандартным способом не всегда предоставляется возможным. Для начала перейдите в программы и компоненты. Ссылка на видео о том, как пользоваться инструментом ""Выполнить"" и его основные команды есть в описании. Отсортируйте установленные программы по дате. Таким образом будет удобно выделить те, которые были установлены одновременно с браузером {Amigo | Амиго} , и удалите их. Если {данная программа не удаляется|данные программы не удаляются} , тогда осуществите сначала {2 | второй | 2-й} шаг, после которого снова попробуйте удалить их с помощью ""программ и компонентов"". После этого запустите диспетчер задач. Найдите во вкладке ""процессы"" те, которые инициированы браузером {Амиго | Аmigo} и {Mail | Мейл | Мэйл | Майл} {ru | ру} . Кликните на каждом из них правой кнопкой мыши, {и} выберите ""открыть расположение файла"". Откроется окно. Его пока двигаем в сторону. Как видим, это данные папки AppData. В блоге нашего сайта вы найдете статью, которая подробно описывает о том, что это за папка, какие данные в ней хранятся и можно ли их удалять, ссылка в описании. А на процессе щёлкаем ещё раз правой кнопкой мыши и выбираем ""снять задачу"". Теперь, в открытом ранее окне с расположением файла, удаляем всю папку программы. Если ранее из меню ""программы и компоненты"" программа не удалялась, то возвращаемся к нему и пробуем удалить такую программу ещё раз. Делаем {то же|~тоже} с каждой программой, которую нужно удалить. Обратите внимание, что процесс службы автоматического обновления программ {Mail | Мейл | Мэйл | Майл} {ru | ру}"
multivariant-v2-custom,3,"Здравствуйте, уважаемые зрители и слушатели! Предлагаю вашему вниманию астрологический прогноз на июнь {2022 | две тысячи двадцать второго | две тыщи двадцать второго} {года|г} . Подписывайтесь, жмите колокольчик, если зашли впервые. Также приглашаю вас в мой {Фейсбук | Facebook} , {Инстаграм | Instagram} и {Телеграм | Telegram} . Ссылки на социальные сети, контакты для записи на консультацию по вопросам обучения вы найдёте на главной странице канала и в закреплённом комментарии. После напряжённой весны июнь {2022 | 2022-го | две тысячи двадцать второго | две тыщи двадцать второго} {года|г|} принесёт благоприятные планетарные влияния, которые помогут достичь относительного спокойствия и некоторой внешней устойчивости и предсказуемости. Подходящий период для решения материальных проблем, переговоров и делового общения. Ощутимые улучшения будут с {4 | четвёртого|4-го} июня. Меркурий перейдёт в директное движение, что улучшит ситуацию по всем жизненным сферам. За несколько дней до выхода из ретроградности, {2 | второго|2-го} - {3 | третьего|3-го} июня, Меркурий замедляет ход. Энергии сконцентрированы, сосредоточены, {собранны|собранные|~собраны|~собраные} , {организованны|организованные|~организованы|~организованые} . В такие дни планетарные влияния становятся конструктивны и гармоничны. Полезно использовать этот энергетический потенциал для решения индивидуальных проблем. Люди меньше отвлекаются и распыляются на мелочи, {и} на посторонние моменты, и поэтому быстрее достигают целей. Начало месяца тревожное, поскольку {1 | первого|1-го} июня Марс в напряжении с Чёрной Луной, что даёт обострение военных конфликтов. Также этот аспект поднимает кармические темы: проблемы государств, вопросы безопасности отдельных регионов и стран. Служение родине или причастность к национальной истории проявляется в разных формах и форматах. {10 | десятого|10-го} - {12 | двенадцатого|12-го} июня гармоничный аспект Меркурия и ретроградного Плутона. Планеты находятся в земных знаках, поэтому можно ожидать достижения реальных видимых результатов на различных уровнях. Благоприятные дни для бизнеса, решения имущественных и финансовых вопросов, а также…"
multivariant-v2-custom,1,"{Здравствуйте…|Здравствуйте, с вами…|} Здравствуйте дорогие друзья, с вами Эдуард Бергов и время интервью. Жан-Жак Руссо когда-то сказал, люди от природы ленивы, но страстное стремление к труду – это {первый | 1 | 1-й} плод благоустроенного общества. И если народ вновь впадает в состояние лени и безразличия, то это происходит опять-таки из-за несправедливого этого же самого общества, которое не придаёт уже больше труду той цены, {которую|которой} он заслуживает. Сегодня мы поговорим, на мой взгляд, настолько с трудолюбивым человеком, что её работоспособность не просто удивляет, а восхищает. У нас в гостях автор тренингов на тему эффективной коммуникации, игропрактики, инструментов радикальной жизни Ольга {Хон|Хоан|Хуан} . Ольга, здравствуйте. Здравствуйте. Ольга, готовясь к сегодняшнему нашему интервью, {вот} столкнулся с таким термином, как радикальная жизнь. {Вот} сразу хочется спросить, что это такое? Радикальная жизнь – это… {Ну} можно, конечно, дословно понимать, но это, скорее всего, о том, какие изменения вы хотите произвести в своей жизни. Как правило, когда вы доходите до точки и понимаете, что так больше продолжаться не может, что нужно что-то менять и кардинально, вы как раз таки требуете от вселенной вопроса, {да,} как перейти в эту радикальную жизнь. То есть, как изменить свою жизнь радикально, чтобы войти в состояние счастья, радости, удовлетворения и других чувств, которые вам необходимы. А это какая-то специальная наука, {То есть…|То есть, это…|} То есть, этому где-то обучаются или это какие-то специальные практики? Да, конечно, эти методы пришли из Америки автор {Колин|Colin|Коллин} {Типпинг|Типинг|Tipping|Tiping} . Обучиться можно у любого коуча {инструментам|инструментом} для ежедневного использования, то есть, это может сделать каждый. Если кто-то захочет стать коучем, то ему необходимо пройти обучение, соответственно, в этом институте радикального прощения. {Угу|Ага|} , то есть, есть даже такая наука? {Ну,} я бы не сказала, что наука, я бы сказала, это скорее духовная философия."
multivariant-v2-custom,60,"Я благодарю всех, кто пришёл. Особо благодарю тех, кто пришёл вовремя. Потому что руны – это очень интересное состояние, которое они включают. Прежде всего связанное с ощущением ценности собственного времени. Если вы это поняли и ощутили, то тогда с рунами у вас всё будет отлично и хорошо. У нас сегодня занятие проходит в несколько неожиданном для коллег, присутствующих в школе постоянно, формате. Присутствуют у нас виртуальные наши партнёры, виртуальные коллеги со всей России и не только России, {и с|из} других частей нашего света, с которыми вы в процессе познакомитесь. И я, кстати, тоже познакомлюсь со многими. По крайней мере, очно, поскольку меня вы все знаете заочно. Некоторые из вас лично. А вот с вами мне придётся наладить, скажем так, {более…} более тесный, более близкий контакт. Поскольку до определённого времени я вас поведу по циклу рун до выпуска, до посвящения, о котором я скажу вам немножко позже. И то, что с вами будет происходить, должно происходить под моим бдительным вниманием. Руны, господа, это счастье, честно вам скажу… и дамы. Одно большое стремительное счастье. Если вы сумеете разделить мою точку зрения, то <*> нам с вами предстоит очень интересный совместный долгий путь. Я надеюсь, что {я…} у меня получится донести до вас информацию о том, какое это действительно редкостное счастье. Руны – это магия. И требуют к себе самого серьёзного внимания. Невозможно изучать руны, не прикасаясь к их магическому потенциалу. Это нелепо, это глупо. Они сами по себе инструмент магии, инструмент магический, инструмент мистический. Если правильно проводить руны через свое сознание, то, соответственно, точно так же правильно будете проводить и магические потенции в свой разум. Та методика, по которой я вас поведу, она вам многим известна вот из этой книги {а}"
multivariant-v2-custom,24,"Привет, друзья, приветствую у себя на канале и сегодня {в} продолжение темы {делфи | дельфи | delphi | delfi} . Как мы все помним {делфи | дельфи | delphi | delfi} - танкер, затонувший на пляже ""Дельфин"" в Одессе. Я уже об этом говорил, выпускал {два | 2} видео. И мы все помним как наш президент строго-настрого, бывший, с визитом в Одесской области, он строго-настрого приказал до {20 | двадцатого|20-го} июля убрать танкер. <*> у нас есть сейчас последняя <*> {Ну вот|Вот|} поэтому я вас очень прошу до {20 | двадцатого | 20-го} числа {вообще} уберите это судно, если {не способны|неспособны} убирать, мы отправим всех: МЧС государственного уровня, всё… {разрежет|разрежете} , {увезёт|увезёте} . Уже никого не будет интересовать {закон|законно} или {не закон|не законно|незаконно} . {Сейчас|Щас} то, что {это} {вот} здесь у людей {в} {этот…} пляжный {так называется} отпуск. {И|В|} пляжный период, отпуск. Мы с ноября показываем, что вообще, честно говоря, импотентная власть. {Вот,} {что|чтоб|чтобы} мы {вот} этим решением показываем. <*> {угроза|угорозы|угрозе} жизни и так далее, {экологии|экология} {и так…|и так далее…|} Конечно, его не смогли убрать. Сегодня уже {26 | двадцать шестое} августа, но тем не менее попытки и потуги сдвинуть эту махину с пляжа увенчались маленьким успехом. Насколько мы видим вот в этих кадрах, Танкер где-то приблизительно на {40 процентов|сорок процентов|сорок %|40 %|40%} подняли на бок, поэтому будем молиться за спасателей и за эту операцию, чтобы она увенчалась успехом. Эпопея длится с ноября прошлого года, напомню, что никому дела не было до этого танкера. Как говорят злые языки, танкер перевозил нефть, перевозил её нелегально."
multivariant-v2-custom,66,"Всем привет! Сегодня мы решили сделать ирландский выпуск, потому что в эти дни по всему миру празднуется День святого Патрика. Мы решили приготовить {два | 2} ирландских блюда. Ирландское рагу и ирландский салат. Давайте приступим. Этот клевер мне будет сегодня помогать. Начнём с ирландского рагу. Основные ингредиенты для рагу - это баранина, картошка и лук, и петрушка. Остальное, {вот,} морковка, чеснок и все остальные ингредиенты можно добавлять. Ну приступим. Вот мясо. Здесь баранины {700 | семьсот} {грамм|г} . Оно уже порезано вот на такие небольшие кусочки. Предварительно очищено от жира и всяких пленочек и остальных {ненужных|~не нужных} вещей. Так оно уже порезано. {Все.} Его мы трогать сейчас не будем. Ну картошка вот. {5 | пять} штук крупных картофелин. {2 | две} морковки. {2 | две} штуки лука. Картошку и морковку нужно почистить. Сейчас мы этим и займёмся. Ну вот, мы почистили картошку и морковку. Лук у нас уже был почищен. Овощи мы режем крупно. Просто режем крупно. Вот прям вот так. Ну {наверное | наверно} {вот} ещё вот так. Теперь режем морковку. Ну как. {Чтобы|Чтоб|} было красиво и в то же время крупно. {Ну} {вот} так как-то наискосок. {Вот} такими крупными кусками. <*> Лук режем кольцами или полукольцами, но тоже не слишком мелко. {Ну} вот так, средне как-то."
multivariant-v2-custom,21,"Всем привет, с вами Виктория, {и} сегодня готовим заварное тесто для эклеров. В сотейнике соединяем {125 | сто двадцать пять} {мл | миллилитров} молока, {125 | сто двадцать пять} {мл | миллилитров} воды, {1 | одну} столовую ложку сахара и {1 | одну} чайную ложку соли. Добавляем {100 | сто} {грамм|г} сливочного масла и ставим на небольшой огонь, доводим до закипания и до растворения сливочного масла. Убираем с огня и добавляем сразу всю муку, {150 | сто пятьдесят} {грамм|г} . Тщательно перемешиваем, чтобы не осталось никаких комочков, и снова возвращаем ковшик на огонь. Уменьшаем огонь до минимального, регулярно помешиваем и завариваем тесто. У меня на это обычно {уходит|уходят} {3 | три} - {4 | четыре} минуты. Тесто должно собраться в общий комок. Заварную массу перекладываем сразу в отдельную ёмкость, чтобы процесс варки прекратился и тесто немного остыло. И в другую емкость выбиваем {3 | три} яйца. Яйца взбалтываем венчиком либо вилкой и постепенно, в несколько раз, добавляем яичную массу и перемешиваем. Когда вмешалась {одна | 1} часть яиц, добавляем следующую часть яиц и продолжаем перемешивать. Заранее нельзя сказать сколько понадобится яиц для приготовления этого теста. Оно может в себя вобрать как {3 | три} яйца, так {4 | четыре} , так и {5 | пять} . Поэтому ориентируйтесь на консистенцию. В этот раз у меня ушло ровно {4 | четыре} яйца. Консистенция теста должна быть не слишком густая и не слишком жидкая, а вот такая тягучая. Обратите внимание, готовое тесто перекладываем в кондитерский мешок с насадкой. Духовку ставим разогреваться на {200 | двести} градусов, подготавливаем {противень|протвень} либо силиконовый коврик, застилаем их пергаментной бумагой и отсаживаем эклеры. Длина эклеров варьирует примерно от {10 | десяти} до {12 | двенадцати} {см | сантиметров} . Смачиваем палец в воде и немного прижимаем образовавшиеся хвостики, чтобы получилось красивее."
multivariant-v2-custom,47,"Всем привет! Это видео о том, как восстановить доступ к аккаунту {Facebook | Фейсбук} , узнать утерянный логин и пароль от него, как прочитать историю {чата | чатов} и переписку {в} {Facebook|Фейсбук} {Messenger|мессенджер} или получить хоть какую-то информацию из них, если доступ утерян окончательно. Хочу сразу же оговорить, что мы никого не призываем ни к каким противоправным действиям. Речь пойдёт не о каком-то хакерском взломе, а о том, что может сделать обычный пользователь на домашнем или рабочем ПК, в случае утери доступа к аккаунту {Facebook | Фейсбук} или {Facebook|Фейсбук} {Messenger|мессенджер} и необходимости его восстановить. Теоретически, прочитать содержимое писем {в} социальной сети можно только изнутри самого аккаунта пользователя. Тем не менее, я вам покажу несколько лазеек, с помощью которых можно получить доступ к перепискам {Facebook | Фейсбук} , истории поиска и посещённых страниц. Друзья, если вам нужно восстановить удалённые данные, просмотреть или восстановить очищенную историю интернет-браузера, то в этом вам помогут программы компании Hetman Software. Перейдите на сайт по ссылке из описания, бесплатно скачайте и установите нужную программу. Запустите анализ диска. Утилиты отобразят доступные для восстановления данные, и вы сможете просмотреть и вернуть их. На нашем канале и в блоге вы найдете решение любого вопроса, начиная от установки системы, её настройки и исправления возникающих проблем и ошибок, и заканчивая оптимизацией работы мобильных устройств. Наши специалисты с радостью ответят на ваши вопросы в комментариях к роликам или статьям. Итак, способ {первый | 1-й | 1} . Это получить доступ к аккаунту пользователя {Facebook | Фейсбук} , после чего просто ознакомиться с нужной информацией, перепиской или чатами. Как это сделать? Допустим, есть компьютер, которым пользуется человек, к аккаунту которого нам необходимо получить доступ. Запускаем данный ПК. Если у вас есть доступ к нужной учётке, вы знаете пароль или он не установлен, отлично, заходите в неё. Если доступа к такой учётной записи у вас нет, не расстраивайтесь. В неё можно войти и без пароля. О том, как войти в {Windows|Виндовс|Виндоус} , не зная установленный на вход в учётную запись пароль, сбросить или взломать его, у нас есть отдельное видео. Ссылку на него я оставляю в описании. После того, как вы вошли в компьютер нужного вам человека, запустите Hetman Internet Spy. Ссылка на страницу для скачивания программы будет в описании."
multivariant-v2-custom,0,"Всем привет! В эфире {18 | 18-й | восемнадцатый} выпуск заметок о Черкесии. И сегодня долгожданная тема для многих {из} моих подписчиков, посвященная кабардинцам. Материала очень много, поэтому сразу приступлю к делу. Итак, кабардинцы на сегодня {один | 1} из крупнейших этносов адыгского происхождения, адыгского языка, проживающих на территории Российской Федерации и за рубежом. В Российской Федерации они представляют собой самый крупнейший этнос, {вот} поскольку лучше всех сохранились. {А} занимали они в исторической перспективе, {вот} <*> в период своего максимального развития территории от, {значит,} реки Кубань, {от} её верховий, до самого Каспийского моря, в частности до устья реки Терек, ну и, соответственно, от хребтов Кавказа до {вот} <*> безграничных {этих} степей Ставрополья. Изначально предки кабардинцев жили вместе с другими адыгскими племенами в едином союзе в раннем средневековье на территории {ну} современной Кубани. {А} в основном это были территории поймы реки Кубань и Восточного Приазовья. То есть, {вот,} как раз, степная часть Кубани. {А} но со временем с наступлением на эти территории сначала Крымского ханства, которое {стало | стал} пытаться подчинить не просто экономически, {да,} местное население, а {прям|прямо} политически. То есть прямыми вассалами {их} сделать. {А} позднее {ещё} сюда подключилась Османская империя, которая активно пришла на Северный Кавказ. <*> Всё это усиливавшееся давление на адыгов начало как-то очень негативно на них влиять. Они начали переселяться ближе в горную часть, {к границе|и границы|границы} {и} Черкесской земли отходили все южнее. Позже, когда в степной части Кубани появились ногайцы, {вот} черкесы вынуждены были полностью уйти из степной зоны и переселиться в пойму Кубани. То есть к югу от Кубани, {в|на} другую сторону. {Вот} в этом союзе преимущественно были жанеевцы, темиргоевцы и кабардинцы. {А} {ну} это {как бы} теория, то есть это ещё пока не абсолютно утверждённый факт, это {одна | 1} из исторических теорий."
multivariant-v2-custom,6,"Здравствуйте, я руководитель агентства ""Видео для бизнеса"" и помогу вам обрести популярность за максимально короткое время. Мы профессионально соберём информацию {о|~об} вашей услуге и поместим её в понятную {и} яркую, информативную {видео-упаковку|видеоупаковку} . Основная задача продающего видео – продавать. Продавать ваш товар или услугу. Ваше продающее видео работает даже тогда, когда вы спите или отдыхаете на берегу океана. И гарантированно приносит своему владельцу дивиденды, многократно превышающие затраты на его производство. Какие же видео будут интересны клиентам клининговой компании? Почему клиент должен выбрать именно вашу клининговую компанию? Что ваша клининговая компания предлагает клиентам? История вашей организации. Кто работает у вас? Какие дополнительные услуги вы оказываете клиентам? {Видео-отзывы|Видеоотзывы} ваших довольных клиентов. {Видео-ролики|Видеоролики} открытых у вас вакансий. Простые ответы на вопросы в удобном формате. Как к вам проехать или пройти? Наличие парковки. Кроме того, в вашем видеоролике вы смело можете попросить зрителей что-либо делать. Оставить вам телефон или {email|емейл|емайл|e-mail|е-мейл|е-майл} адрес, или попросту записаться к вам на консультацию. Что получает клининговая компания, начав сотрудничество с агентством ""Видео для бизнеса""? Создание и запуск продающего видео с вашим лучшим торговым предложением. Гарантированное увеличение {трафика|~траффика} на сайт. Удержание посетителей и рост конверсии. Качественный визуальный вариант УТП. Привлекающий больше новых клиентов. Новые и недорогие каналы привлечения целевых клиентов в воронку продаж. Продвижение видео по популярным целевым каналам в {Instagram | Инстаграм} , {Facebook | Фейсбук} или на {YouTube | Ютьюб | Ютуб} . {Выделяйте|Выделяйтесь} среди конкурентов информативной и яркой {видеоупаковкой|видео-упаковкой} . Стоимость рекламы видеороликов в {5 | пять} - {10 | десять} раз ниже стоимости {клика|кликов} в Яндекс.Директ. Качественные и надёжные способы привлечения клиентов, до которых не дошли руки конкурентов. Обратите на себя внимание с помощью рекламы. Видео для бизнеса помогает выделиться на фоне конкурентов. {Видео-карточка|Видеокарточка} это отличный способ рассказать о себе и показать преимущества товаров без лишних расходов. Многие тысячи компаний товаров и услуг приобрели известность именно благодаря видео. Настало и ваше время заявить о себе. Теперь мы достаточно знакомы для того, {чтобы|чтоб} вы приняли правильное решение и начали использовать видео для вашего бизнеса, как это делаю я. Узнайте больше по этим контактам."
multivariant-v2-custom,62,"В стране происходят достаточно большие изменения {и…} и {вооружённых сил|в вооружённых силах} . Будем стараться выстраивать вооруженные силы таким образом, чтобы они были оснащены лучше, чтобы принципы комплектования потихонечку менялись. Вы знаете, должны знать, {так|да|} , что у нас с демографией в стране {да,} и {какие проблемы,} с какими проблемами страна может столкнуться в ближайшие годы по {комплектованию|укомплектованию} вооружённых сил. Поэтому просто объективно мы должны, и поэтому, а также потому что техника усложняется, думать о комплектовании {на новых…} на новой основе, увеличивать количество контрактников. Мы не можем это {сделать|делать} слишком быстро, {потому что…} потому что страна {и} экономика пока не {готовы|готова} заменить, {так скажем} , самые простые задачи, которые решаются военнослужащими {по…} по набору, контрактниками. Невозможно, {но|ну|} вы сами это понимаете. {Да?} Нужно охранять склады с вооружениями, нужно выполнять такую нелёгкую армейскую работу. {И} везде контрактниками не заменишь. Но постепенно будем по этому направлению двигаться. И по мере увеличения военнослужащих, набранных на контрактной основе, будем не только сокращать количество набираемых <*> по призыву, но и будем уменьшать срок службы. Вот это всё должно быть скоординировано и {просчитано…} просчитано таким образом, чтобы {не нанести…} не нанести ущерба {обороноспособности|оборонной способности} {стране|страны} и армии. {Да вот…|Вот…|} это что касается принципов комплектования. У нас принята программа перевооружения армии, до {2010 | две тысячи десятого|2010-го} {года|г|} новейшими образцами техники."
multivariant-v2-custom,45,"Славлю Библию, Божье Слово! Славлю Библию, Божье Слово! {Через | Чрез} века нас достигшую весть, Слово древнее, живо и ново, Ему слава, хвала и честь. В этой книге живой и прекрасной, До последнего в ней листа, Слово нитью пронизано красной, То - священная кровь Христа. Слово к нам, чтобы мы не молчали, Чтобы всякий познать его мог, Это слово, что было {вначале|~в начале} , Это слово, что было Бог, Это слово, что плотью стало, <*> из него, С нами рядом оно обитало, И мы видели славу его,  Чтобы овцы погибшие жили, Он пришел к ним, как истинный свет, Но они больше тьму возлюбили, И сказали, жестокое ""нет"". Ну а тем, что пришли как дети, Тем, кто верой его воспринял, Всем, кто видел его во свете, Божьим чадом быть власть им дал, Кто на голос Христа призывный Двери сердца в ответ открыл, Засиял {том|там} свет его дивный, И вечерю он с ними творил, Дал им чашу он после {вечери|вечерей} , Чтобы каждый из чаши пил, Утверждая в любви и вере, С ними в Новый Завет {вступил|ступил} . Сам Христос совершил вечерю, Он есть истина, истина в нём, И я этой истине верю, Не бывает {вечерей|вечери} днём. О, приди ко мне, {жаждущий | жаждуще} {нищий | нищие} , <*>"
multivariant-v2-custom,22,"Друзья, не удивляйтесь, сегодня мы будем использовать для упражнений, которые я буду показывать для восстановления рук, очень обычные предметы. Это маленькие приспособления с кухни, не удивляйтесь. А в конце видео я расскажу, что делать, если упражнение не получается. Я вновь начинаю с {короткого|коротенького} разогрева, разминки. Это делается специально для того, чтобы руки стали более податливыми, не было спастики, не было скованности. Самое главное, что когда руки разогреты, то {упражнения получаются эффективные|упражнения получаются эффективнее|упражнение получается эффективнее} , и всё выходит, поверьте. Итак, разминка. {Начинаем|Начиная} с того, что нам надо размять руки. Сначала мы их просто вот так потираем. Сначала {внутреннюю|внутренняя} поверхность, потом потихоньку {внешнюю|внешняя} . Так, чтобы они разогрелись. Это где-то делаем {15 | пятнадцать} секунд. После этого их моем. Это вот такое движение, будто мы их умываем. {Сейчас | Щас} на улице прохладно. Я только что вернулся с гимнастики утренней. И поэтому руки немножко такие замёрзшие. Так что такая разминка очень кстати. Упражнение номер {11 | одиннадцать} . Для него мы берём такое приспособление кухонное, как губка. Вот такая. Я купил вот такую губку. Можно брать любую. Выполняю упражнение сидя за столом. Губку кладу на стол. Руку ладонью вниз кладу поверх губки. Начинаю её сжимать по очереди. Сначала правой рукой сжимаю. Главное - движение делать плавно. Потому что вот у меня в начале восстановления движения были резкие. Мне кажется, что нужно научиться не только сжимать, но и контролировать как ты это сделаешь."
multivariant-v2-custom,26,"Всем привет! {А} перед началом ролика хотел бы вам сказать о таком канале под названием <*>. У него очень крутые видео, он снимает очень часто стримы. У него {наверное | наверно} на канале больше стримов, чем каких-нибудь, {ну,} простых видео. {Ну,} в общем, заходите, подписывайтесь, я подписался. Всем привет с вами <*>, а точнее мир <*>. И сегодня мы поиграем в режим <*>. Надеюсь, мне сегодня повезёт. Да и сейчас {так…} так как мы зашли на <*> и мы сейчас зайдем на <*>, да. Это наше {второе|2|2-е} , а нет… {первое | 1-е | 1} или {второе | 2-е | 2} , {ну} я не помню, но сейчас мы поиграем. Ладно, без разницы. А вот мы уже появились и {сейчас|щас} возьмём все свои вещички. {Вещички.} {О, у меня|Опа мне|Оп мне} повезло, два сундучка <*> появилось сегодня. Так что лучше {5 плюс|пять плюс|5+|пять +} броня, {наверное | наверно} {плюс 5|плюс пять|+5|+ пять} лучше.
  {Ну…} {о|а|вот|} {Девять | 9} урон. <*>, попробуем, надеюсь не умрём. Курочка! И яичко попалось мне. {Мне…|нет…|не…|} Надеюсь сегодня нам повезёт и мы в середину сразу не будем идти. <*> Так, сначала пойдём <*>."
multivariant-v2-custom,51,"Российское правительство временно разрешило регистрировать импортируемые автомобили без системы ЭРА-Глонасс. Послабления пока рассчитаны на полгода до {1 | первого|1-го} февраля {23 | двадцать третьего|23-го|2023} . Ещё интереснее, что это же правительственное постановление {номер|№} {1269 | тысяча двести шестьдесят девять} разрешает ввозить новые машины без получения одобрений типа транспортного средства не только частникам, но также юридическим лицам или {индивидуальным предпринимателям|ИП} . Для этого достаточно получить заключение экспертной {организации | организацией} . То есть института НАМИ, заменяющее сертификат о безопасности колёсного транспортного средства. Следовательно параллельным импортом новых машин теперь смогут заняться не только физические, но и юридические лица. А это значит, что российские дилеры получают возможность пополнить свои склады. И ещё о параллельном импорте, но не автомобилей, а запасных частей, им решил заняться {КАМАЗ | KAMAZ} , сообщает {Авторевью|Autoreview|Авто ревью|Auto review} . По собственной информации издания, в Набережных Челнах готовы торговать деталями для грузовиков большой европейской семёрки. Коротко напомним предысторию: после того как {Mercedes | Мерседес} , {Volvo | Вольво} , {Scania | Скания | Сканиа} , {MAN | МАН} , а также {Iveco | Ивеко} , {DAF | ДАФ} и {Renault| Рено} прекратили поставки не только техники, но и компонентов, с обслуживанием автопарков оригинальными запчастями возникли определённые проблемы. Однако {камазовцы|КАМАЗ-овцы|KAMAZ-овцы} подобрали более {600 | шестисот} позиций оригинала для {Мерседесов | Mercedes<ов>} и около {200 | двухсот} для {Вольво | Volvo} , {Скании | Scania} и {МАНов | MAN<ов>} . Их будут распространять через магазины официальных дилеров {КАМАЗа | KAMAZ<а>} . О том, смогут ли эти сервисы вдобавок ремонтировать европейцев, не сообщается. Но сам факт того, что {КАМАЗ | KAMAZ} стремительно занимает освободившуюся нишу, безусловно, вызывает уважение. И ещё один {insight | инсайд | инсайт} от наших коллег: {то же|~тоже} {Авторевью|Autoreview|Авто ревью|Auto review} рассказывает, что проект компас передан из ведения {КАМАЗа | KAMAZ<а>} компании {ДАЙМЛЕР|Daimler} {КАМАЗ | KAMAZ} {РУС|Rus} или {ДК|DK} {РУС|Rus} , которую вместо немца <*> недавно возглавила бывший финансовый директор Оксана Карахова. Напомним что компас представляет собой бескапотный среднетоннажник {JAC | джак} , который {КАМАЗ | KAMAZ} выпускает под собственной маркой. В Набережных Челнах освоили сварку кабин, а также комплексную сборку этих машин. Если информация издания верна, то формальная смена производителя может быть попыткой вывести {JAC | джак} из под возможных вторичных санкций. Ведь {КАМАЗ | KAMAZ} теперь находится под адресными ограничениями со стороны США."
multivariant-v2-custom,37,"Пока некоторые {сонибляди|sonyбляди|сони-бляди|sony-бляди} - заметьте не я это сказал - играют в различные мультиплатформы типа {Sponge Bob<а>|SpongeBob<а>|Спанч Боба|Спанчбоба} стоимостью как шкура панды, я решил сдать макулатуру, старые пивные бутылки и прикупить себе в коллекцию ещё {один | 1} эксклюзивчик. Совершенно детский и очень умилительный Сорванец развёрнутая история, он же Tearaway Unfolded, надеюсь я его произнёс правильно. Это полноценный эксклюзив, раскрывающий потенциал {PS4|ПС4|PS-4|ПС-4|PS четыре|ПС четыре} гейминга, больше чем многие серьёзные проекты, {первая | 1-я | 1} часть которого вышла, кстати, на портативной консоли {PlayStation | Плейстейшен|Плейстэйшен|Плейстейшн|Плейстэйшн} {Vita | Вита} . Игра Сорванец обошлась мне чуть больше {300|трёхсот} рублей на очередной цифровой распродаже, и это весьма аппетитный ценник для эксклюзива. Совершенно уникальный визуальный стиль и неповторимая музыка в этой игре делают из обычного, хотя чего тут обычного, платформера реально интересную историю. Сказку про посланника. Конечно, музыка и бумажный стиль {~понравится|понравятся} далеко не всем, например тем, у кого нет души. У рыжих нет души. <*> Да да {да} , вся игра выполнена в стиле бумажной поделки, главный герой весь мир и населяющие его существа сделаны из бумаги и картона. Даже лужи, {и} речки и брызги воды, и вообще в принципе все эффекты, {всё, абсолютно всё|всё абсолютно|абсолютно всё} стилизовано под бумагу, а враги в игре сделаны из газеты. О боже мой, как же это символично - враги из газеты. Вроде, звучит прозаично: бумажный мир с бумажными героями, но играется и ощущается просто по-детски великолепно. Вообще, выбрав такую стилистику, разработчики упростили себе работу и дали нам возможность немного менять и преображать мир под себя. Что {ж|же} говорить, несмотря на то, что в игре Сорванец кастомизация персонажа заключена в наклеивании на главного героя различных бумажных деталей, это даёт довольно широкие возможности для создания оригинального образа конверта с ножками. Да, мы играем за конверт, слава богу не за закладку. Помимо того, в игре можно придумывать и создавать свои украшения. Более того, сама игра не раз прибегает к помощи игрока для создания некоторых незначительных, но приметных деталей игры, привнося в визуал игры частичку {фантазий|фантазии} самого игрока. Под конец таких деталей набирается огромная куча."
multivariant-v2-custom,84,"Приветствую тебя, коллега, на очередном уроке в нашем тренинг-центре. Мы все разные. Для кого-то уроки, которые находятся в рамках этого курса, кажутся элементарщиной, простейшими. Зачем так всё подробно рассказывать. Но для кого-то все эти личные кабинеты {и} все эти сайты, тем более все {вот} эти ссылки длинные, короткие. Всё это кажется {сложным | сложно} . Если ты приглашаешь на наши прямые трансляции людей, которые уже зарегистрированы в твоей структуре, ты хочешь, чтобы твоя команда была в курсе всех наших событий, есть ещё более простой способ пригласить людей. Пожалуйста, пользуйся этим способом только для тех людей, которые уже зарегистрированы. Запомнить даже вот такую короткую ссылку довольно сложно, потому что она ни с чем не ассоциируется. А вот название ""Здоровье, красота, благополучие"" <*> Очень понятно и легко запоминается, потому что это девиз нашей компании. У нас есть командный сайт, который называется ""Здоровье"" - Z английская, ""Красота"" - {K|К} , ""Благополучие"" - B, <*> Вот такие {четыре | 4} буковки нужно запомнить. Это аббревиатура от ""Здоровье, красота, благополучие"". {Точка обязательно ру|Точка обязательно ru|.ru обязательно|обязательно .ru} , русскоязычный ресурс. Набрав вот такой адрес в адресной строке, а что такое адресная строка - повторять в этом ролике не буду, набрав этот адрес и нажав клавишу {""Энтер"" | ""Enter""} , ты попадёшь, или твой человек попадёт, на наш командный сайт. Он послушает {выступления|выступление} нашего генерального директора, получит доступ ко всем нашим ресурсам, {к} {контакту|Вконтакту|ВК|ВКонтакте|VK} , к {Фейсбуку | Facebook<у>} , к нашему {Ютуб|Ютюб|Ютьюб|YouTube} каналу, но самое главное, - он может выбрать то, что ему нужно. Выбери нужное. Человек подпишется на наши новости и будет в курсе всех наших событий. Все оповещения о наших мероприятиях {будут|будет} приходить ему по тому способу связи, который он выбрал. {То есть} для этого просто нужно нажать на кнопочку ""Перейти"", попадает вот на такую страничку, выбирает удобный контакт связи с ним через {Телеграм | Telegram} , {Вайбер | Viber} , {Фейсбук | Facebook} , {Вконтакте|Vkontakte|ВК|VK} ."
multivariant-v2-custom,49,"{Досмотри|Смотри} это видео до конца и ты узнаешь из чего состоит пища и почему не нужно бояться жиров и углеводов. Привет, друзья! В сегодняшнем видео будет действительно много информации, поэтому для вашего удобства я разбил её на определённые блоки. Сначала я расскажу о функциях пищи в целом, для чего нужна еда, а затем расскажу о функциях конкретных {макронутриентов|~макро-нутриентов} , для чего {нам} нужны белки, для чего нужны жиры, для чего нужны углеводы, и заодно для чего нужны {там} витамины, минералы и всё остальное. Итак, начнем с {трех | 3|3-x} функций пищи. Во-первых, это пластическая функция, то есть организм использует еду, её компоненты для строительства новых тканей, новых клеток, обновления уже существующих. Во-вторых, это биорегуляторная функция, то есть еда {и} её компоненты используются для создания ферментов, для создания гормонов, для управления деятельностью организма. И в-третьих, это, конечно же, энергетическая, поскольку {первые | 1-е} {две | 2} функции, {они} требуют большого количества энергии, то она тоже получается из еды, в {первую | 1 | 1-ю} очередь, естественно, из углеводов. И я думаю, что стоит отдельно поговорить о каждом из крупных составляющих пищи: о белках, жирах и углеводах. Кстати, {первым | 1 | 1-м} , кто решил расщепить еду на составляющие, был американский профессор <*>, который сделал это в конце {XIX | 19 | 19-го | девятнадцатого} {века|в} . И он же был {первым | 1-м | 1} , кто решил посчитать энергетическую ценность разных продуктов, сжигая их в калориметрической бомбе. Начнём мы с белков. Почему? Потому что белки на английском называются {протеин|protein} , что в переводе с греческого означает {первый | 1-й} . И это {неудивительно|~не удивительно} , ведь практически {85 процентов|восемьдесят пять процентов|восемьдесят пять %|85 %|85%} всех тканей живого организма {состоит|состоят} именно из белка. В свою очередь, белки состоят из аминокислот, которых насчитывается {20 | двадцать} разных видов, и {8 | восемь} из них являются незаменимыми. То есть организм их никак не может получить, кроме как из пищи. Какие функции играют белки в нашем организме? Поскольку вопрос {непростой|~не простой} , я воспользуюсь подсказкой, надеюсь, мне простительно. Всё-таки инфопосты тоже я писал. Итак, во-первых, белки выступают в роли строительного материала для живых тканей, о чём я уже сказал. Это вот те самые строительные кирпичики, из которых организм может всё строить. Причём это разные кирпичики, и организму они все нужны для разных построек. Это как в компьютерных {играх}"
multivariant-v2-custom,71,"Всем привет! Сегодня будем красить яйца натуральными красителями, такими как луковая шелуха и чай каркаде. Пасхальные яйца получаются необычными, оригинальными и очень красивыми, а самое главное полностью безопасными, так как нет никакой химии. Список всего, что нам понадобится, смотрите в описании под видео. {Первым | 1-м | 1} делом измельчаем луковую шелуху. Лучше всего это делать обычными ножницами, так как в блендере могут получиться слишком маленькие кусочки. Затем такими же небольшими кусочками нарезаем чистую белую бумагу. Перемешиваем и начинаем подготавливать яйца. Берём сырое вымытое с мылом яйцо, опускаем его в чистую воду, обваливаем в подготовленной луковой шелухе. Немного шелухи кладём на кусок капрона. Сверху помещаем яйцо. Собираем края капрона в мешочек. Плотно закручиваем, завязываем ниткой"
multivariant-v2-custom,85,"Как связаны наши эмоции и болезни? Ни для кого не секрет, что каждая эмоция имеет свою вибрацию, и вся эмоция, любая эмоция, которая возникла в теле, она должна быть выражена, если мы не выражаем свои эмоции правильно… А есть правильные и неправильные способы выражения эмоций. Неправильные - это подавлять, избегать или выражать экспрессивно, очень резко. Например, долго-долго терпеть и потом выразить гнев так, как будто бы снесло крышку у чайника, это неправильные способы выражения эмоций. Подавление тоже чревато тем, что энергия {вибраций|вибрации} остаётся в теле. И со временем все {невыраженные|не выраженные} эмоции образуют блоки. Блоки образуются на уровне тех органов и чакр, с которыми связаны. Обида будет храниться в горле, гнев будет храниться в печени, раздражение, язвительность, {непринятие|~не принятие} будут храниться в желудке, страхи будут храниться в почках и так далее. Все подавленные эмоции со временем образуют очень плотные, сильные блоки. И если мы не работаем со своим телом правильно, не осознаём своих подавленных эмоций, то {у|в} нас начинают активироваться программы нездоровья, которые заложены в карте рождения. Программы нездоровья можно рассчитать, рассчитав определенные коды карты здоровья. Всего их {4 | четыре} , и каждый код будет говорить нам о предрасположенностях к определённым {заболеваниям|заболеваниях} , о тех эмоциях, которые вызывают болезни, о тех периодах, в которые могут происходить обострения, мы можем заболеть, о том что ослабляет наш иммунитет. Но то что нужно знать и понимать, - что все подавленные эмоции все стрессовые ситуации активируют в нас программы нездоровья. Те болезни, которые заложены датой рождения в карту здоровья, активируются когда подавленные эмоции набирают определённое количество, и нормальное функционирование тела"
multivariant-v2-custom,88,"Всем привет, вы на канале ""как заработать в интернете"", и в этом видео я вам хочу рассказать как я на полном пассиве, без вложений заработал на данном <*> проекте {21 | двадцать один} {тр икс | TRX} , вот {20 | двадцать} {тр икс | TRX} , {двадцать точка семьдесят четыре | 20.74} трона, только что вывел с данного проекта, вот мне написали вывод обработан. я думал, что данный <*> не выведет, {но|ну} деньги поступили мне на счет, {вот} видите, на биржу {Binance | Бинэнс | Биненс | Бинанс} . И эти деньги я заработал без вложений, ничего не делаючи, потратив на регистрацию {5 | пять} минут, ну не {5 | пять} минут, там, может, минуту и {5 | пять} {тире} {10 | десять} минут потратил создал на <*> рекламу. Там где она <*> сатоши без вложений, и за эти сатоши я сделал рекламу. Давайте пройдёмся вообще по кабинету по данному <*> проекту. Я зашёл {вот} на {similarweb|similar web|симиларвеб|симилар веб} . Посмотрел посещаемость, оказывается, он очень популярен в интернете, вот смотрите, за август месяц было {2.8 миллионов|2 и 8 миллионов| два и восемь миллионов|2800000|2,800,000} пользователей заходили на данный сайт, <*> проект целый месяц. Почти {3 миллиона|три миллиона|3000000|3,000,000} пользователей на {первом | 1 | 1-м} {вот} месте Россия, далее Украина, Индонезия, Казахстан и Турция. Данный <*> популярен. Давайте рассмотрим здесь тарифные планы. {Вот} здесь {вот} есть тарифный план на {10 | десять} дней, {минимальный депозит|минимальные депозиты} {200 | двести} {тр икс | TRX} и ежедневно мы здесь будем зарабатывать, получается, {22.2|двадцать два точка два|22 точка 2} {трона|TRON<а>} . {Второй | 2-й | 2} тарифный план - здесь минимальный депозит {500 | пятьсот} {TRX | тр икс} , работает он {тридцать | 30} дней."
multivariant-v2-custom,40,"Канал ""как заработать в интернете"" <*>, и ""канал как заработать в интернете"". Только для моих подписчиков, ценителей моего творчества просто подпишитесь и всё. И не забудьте включить колокольчик, чтобы не пропускать {следующее|следующие} видео. Всем привет, с вами <*>, если вы хотите получать вот такие выплаты ежедневно, рекомендую всем подписаться в мой {Телеграм | Telegram} канал. Вы {первые | 1 | 1-е} будете узнавать о выходах данных проектов, и мы будем с вами заходить в такие проекты на старте и зарабатывать вместе командой, большой огромной командой мы будем зарабатывать в таких {вот} проектах. Все выплаты я уже {публиковал|опубликовал} в своем {Телеграм | Telegram} канале. Кто подписан на мой {Телеграм | Telegram} канал, он эти выплаты все видел, все {довольные|довольны} и все зарабатывают. Также на данные проекты я ссылку для регистрации оставлю в описании. И, по моим подсчетам… я вот здесь подсчитал из {4 | четырёх|4-х} проектов я за {10 | десять} дней заработал уже чистыми {95 долларов| девяносто пять долларов|95 $| девяносто пять $|95$|$95} . Кто хочет {~также|так же} со мной зарабатывать - рекомендую подписаться в {Телеграм | Telegram} канал. Итак, давайте приступим к регистрации, все проекты одинаковые, регистрация везде одинаковая. В {первом | 1-м | 1} поле прописываем номер телефона. {Второе | 2 | 2-е} поле - прописываем пароль. {Третье | 3 | 3-е} поле - подтверждаем пароль. {Четвёртое | 4-е | 4} поле - придумываем пароль для вывода денег, я всегда прописываю здесь {6 | шесть} цифр. Далее нажимаем кнопочку ""регистрация"" и попадаем вот такой вот кабинет на домашнюю страницу. Здесь мы читаем информацию, здесь нам при регистрации дают бонус - {10 долларов|десять долларов|10 $| десять $|10$|$10} . Минимальный вывод с данного проекта {2 доллара|два доллара|2 $| два $|2$|$2} . Также, когда вы здесь пополните на {10 долларов|десять долларов|10 $| десять $|10$|$10} , сделаете скриншот своего личного кабинета, {напишете|~напишите} в службу поддержки, вот она служба поддержки, и вам начислят в кабинет"
multivariant-v2-custom,61,"Здравствуйте всем. Вы на канале ""Здоровье"". В этом видео вы получите полезность для себя: как на яичной диете можно быстро похудеть. Без физических нагрузок, изнуряющих диет, лишних усилий и {всяческие способы|всяческих способов} избавиться от лишних {килограммов|килограмм} . Хорошо, что вы нашли это видео. Из него вы узнаете методику использования продуманной до мелочей системы питания, которая поможет вам быстро похудеть на {10 | десять} {килограммов|кг} в течение {двух|2|2-х} недель, этот метод похудения идеален если нужно срочно похудеть, единственное - нельзя использовать эту методику более {2|двух|2-х} недель - может быть сильная потеря веса. На такой диете не придётся голодать - яйца и вправду очень сытный продукт. Этот продукт с высоким содержанием белка и низким содержанием жира. Он обеспечивает длительность насыщения организма и снижает калорийность принимаемой пищи. А значит у вас не скоро появится желание поесть. Он также вырабатывает тепло, сжигает жиры. Норма употребления в день - от {1|одной|1-й} до {3|трёх|3-х} штук если у вас нет диабета. Отказавшись от углеводов, вы сможете быстро подкорректировать свой вес. Кроме того, благодаря этому питанию, улучшится состояние кожи и волос на голове. Если надо срочно похудеть - берите эту методику. Начните питаться уже сегодня и {почувствуете | почувствуйте} разницу. Яичная диета на неделю: понедельник - завтрак: {2 | два} апельсина, {2 | два} яйца {всмятку|~в смятку} , {1 | один} стакан обезжиренного молока. Обед: стакан йогурта, {300 | триста} {грамм|г} отварной куриной грудки. Ужин: {200 | двести} {грамм|г} отварной грудки, {1 | одно} варёное яйцо и {1 | один} апельсин. Вторник - завтрак: {2 | два} яйца {всмятку|~в смятку} и стакан лимонной воды. Обед: {200 | двести} {грамм|г} тушёной рыбы и {1 | один} <*> Ужин: {3 | три} сваренных вкрутую яйца. Среда - завтрак: {2 | два} яйца {всмятку|~в смятку} , {1 | один} стакан апельсинового сока. Обед: {200 | двести} {грамм|г} отварной или тушёной говядины с овощами и {1 | один} апельсин. Ужин"
multivariant-v2-custom,12,"Привет чудесные! Меня зовут {Алёна|Alena} {Ивона|Евона|Ивонна|Евонна|Ivona|Evona} и в этом видео хочу вам рассказать {пять | 5} джедайских хитростей в борьбе со страхом. Эти хитрости я взяла из книги ""Будь лучшей версией себя"" Дэна {Вальшмидта|Вальдшмидта} . {Это книга-мотиватор|Эта книга - мотиватор} , то есть она не даст вам каких-то заоблачных знаний,  о которых никто нигде никогда не пишет. Вам достаточно прочитать {15 | пятнадцать} - {30 | тридцать} минут этой книги, и вы встанете {и} начнёте что-то делать, перестанете прокрастинировать. То есть эта книга заряжена на {действия|действие} . Итак, {пять | 5} хитростей. {Первая | 1 | 1-я} хитрость - это контролировать чувства. В тот момент, когда ты понимаешь, что тебе стало страшно, останови этот поток эмоций и проанализируй ситуацию. Почему тебе страшно? Возможно, ты разочарован в том, что это событие вообще тебя ожидает. То есть ты не думала, что {это} вообще это событие произойдёт. Возможно, {это связано…} этот страх связан с каким-то событием из прошлого, негативным событием. Возможно ты никогда просто этого раньше не делала и поэтому тебе становится страшно. Просто осознание того, откуда берётся страх, поможет тебе проанализировать ситуацию и проработать себя, придумать какие-то мыслительные триггеры, которые помогут тебе уменьшить это количество страха. {Вторая | 2 | 2-я} хитрость - это советуйся с другом. Опять-таки, в тот момент, когда тебе становится страшно или когда тебя обуревают сомнения, просто позвони своему другу и спроси у него, действительно ли мой страх оправдан, не преувеличиваю ли я и стоит ли мне действительно так сильно бояться. Чаще всего в {~99 процентов|99 процентах|~девяносто девяти процентов|~девяносто девяти процентах|~девяноста девяти процентов|девяноста девяти процентах|99 %|99%|~девяносто девяти %|~девяноста девяти %} случаев твой друг тебя поддержит, подбодрит, убедит тебя в том, что ты зря волнуешься и этот страх уменьшится. Почему я говорю, что страх уменьшится? Потому что очень многие люди… я изучала, я слушала интервью многих успешных людей или читала тоже интервью, успешные люди говорили, что им до сих пор страшно выходить на сцену перед выступлением, но они научились бороться с этим страхом, они его уменьшают и чем меньше {вот} этот {вот} страх, тем проще его как бы подавить. То есть он будет у тебя всегда возникать, но ты просто перестанешь на него обращать внимание. Тебе будет всё проще и проще с ним бороться. Итак, {третья | 3 | 3-я} хитрость - это сразу начинай делать, как только решилась. Если ты <*> {решил|решила} завести бизнес, {решил|решила} создать сайт, {решил|решила} создать…"
multivariant-v2-custom,32,"Магия – это не то, что исполняет {желание|желания} . {А} это не то, что исполняет {желание|желания} . И вот в этом есть огромнейшая разница между магией и волшебством. Между этими {двумя|2|2-мя} понятиями давно произошла {так} некая подмена. И с самого начала, пока мы {вот} {сейчас | щас} здесь на берегу договариваемся о терминологии, {первое | 1-е | 1} , что хочется выровнять в сознании, в ментальном поле, это {понятие|понятия} магии и волшебства. Это, коллеги, не одно и то же, хотя {близко родственные|близкородственные} понятия. Более того, волшебство проистекает из магии. Но волшебство не является предопределяющим {её} . {То есть} {вот} волшебство не является причиной магии. {Да,} {то есть,} магия не живёт ради волшебства. Волшебство может быть эффектом, а может и не быть. Потому что волшебство – это чисто субъективное отношение человека к магическим проявлениям. То есть это то, что он не может описать логически, то, что он не знает и не может описать математически. Вот парадокс, коллеги, {первый | 1-й | 1} парадокс, с которым я вас знакомлю - это то, что волшебство всегда будет рядом с магией, но {до…} только до того момента, пока вы не поставите {перед…|перед ними…|} между ними знак {равно | =} . Как только вы это сделали, не будет ни волшебства, ни магии. Причина в том же. Волшебство – это определение, субъективное человеческое определение. {Да?} Треугольник, в который мы загоняем некий процесс. А магия этого очень не любит. Мы неоднократно с вами говорили, что {это|эта} сила дикая, {не любящая|~нелюбящая} , когда её вводят в определение. И как только мы начинаем уточнять определение магии, магия заканчивается."
multivariant-v2-custom,89,"Друзья, кто хотел быструю сыровяленую колбасу буквально за неделю вот ровно {7 | семь} дней. {Хаха|Ха-ха|} И ты получишь тонкие классные длинные колбаски, которые ты {м…|мм…|ммм…|} и класс. Ну можно, конечно, с пенным, можно с собой в кармашек положить, {там,} на природу куда-нибудь сходить, {да.} {Вот,} {а} как их делать, {как их делать} <*> уже показывал. Года {4 | четыре} назад был ролик колбаски-кнуты. Но сейчас они более усовершенствованы, ну естественно мы их усовершенствуем. Что нам потребуется? Нитритная соль, старты для колбас и специи на ваш выбор. Салями корсика, фуэт, салями милано, салями фелино, луканка или {финоккьона|финокьона} или {же} всё, что вы можете придумать, всё, что вам придет в голову. Смешиваем все сухие ингредиенты, старты, нитритную соль и пряности Как бармен мешает коктейли? Сами знаете как, вот так {вот} . И кстати, кнуты могут быть и {сырокопчёными|~сырокопчёнными} , если у кого-то есть коптильня. {Второй | 2-й} замес будет немножко отличаться: смесь специй, {финоккьона|финокьона} и {инста-соль|~инстасоль} для вяления вместо нитритной соли. Оболочку я буду использовать сосисочную коллагеновую, в ней хорошо колбаса {вялется|~вялится} , если не хватит, то добавим {бараньей|бараньи} черевы. <*> Оболочка пропитана маслом и не нуждается в замачивании."
multivariant-v2-custom,46,"Это была неделя сентября, я сидел на диване и был в предвкушении новой {ios|айос} {13 | тринадцать} . Ведь целое лето я только и делал, что сдерживался, чтобы не поставить {бета|бэта} версию этой системы на свой {iphone | айфон} XR. И вот он. Долгожданный выход на сцену Тима Кука и тизерный ролик об {ios|айос} {13 | тринадцать} . Я был в восторге! Особенно от тёмной темы! Ведь я так долго ждал её ! Даже новый дизайн иконок рядом не стоял. Спустя час презентация закончилась. Я сразу же подбежал к своему компьютеру. Начал искать файл с прошивкой для установки {ios|айос} {13 | тринадцать} . Почитал как правильно установить {ios|айос} {13 | тринадцать} на свой {айфон | iphone} . Оказалось, что перед установкой прошивки нужно сделать резервную копию всех данных устройства, чтобы в противном случае ничего не пропало. Я подключил телефон к компьютеру. Запустил {iTunes|айтюнс} , но он не хотел делать резервное копирование. Программа выдавала ошибку. Я спросил его или её, в общем приложение, в чём дело. {Оно сказало|Она сказала} , что просто нет настроения создавать резервные копии. И {выключилось | выключилась} . Всё понятно. {iTunes|айтюнс} это точно она. {ios|айос} {13 | тринадцать} уже скачалась. Но я не мог поставить прошивку без резервной копии. Чтобы избежать противного случая с потерей данных, я позвонил своему троюродному другу. Чтобы помочь выбрать {iphone | айфон} с {алиэкспресс | aliexpress} , нажмите {один | 1} . Чтобы связаться с Тимом Куком, нажмите {два | 2} . Чтобы установить {ios|айос} {13 | тринадцать} , нажмите {три | 3} . Я нажал. Спросил у друга что делать. Скачать утилиту {iMazing|аймэйзинг|аймейзинг} и не париться, чувак. Ага, опять платную программу мне суёшь? В отличие от других приложений, {iMazing|аймэйзинг|аймейзинг} имеет ряд функций, которые работают абсолютно бесплатно. Сначала попробуй, а как всё сделаешь - напишешь. Чао-какао. Скачал {iMazing|аймэйзинг|аймейзинг} , запустил утилиту. В приложении было действительно большое количество функций, которыми можно пользоваться абсолютно бесплатно. Решил сделать резервную копию {и} посмотреть, что тут есть ещё. В отличие от {iTunes|айтюнс|айтюнса} , здесь предлагались гибкие настройки по резервному копированию {iphone<а>|айфон|айфона} и {iPad<а>|айпад|айпада|айпэд|айпэда} . Можно активировать автоматическое создание резервной копии по {Wi-Fi | WiFi | вай-фай} , период хранения старых бэкапов, включить шифрование данных в резервной копии устройства и многое другое. Выставив всё необходимое, я запустил процесс копирования. Также в {iMazing|аймэйзинг|аймейзинг} можно загрузить {рингтон|Ringtone} для {iPhone | айфон} Легко импортировать музыку в стандартное приложение музыка из вконтакте, загружать с гаджета на компьютер фотографии и видео, а также следить за состоянием батареи устройства в специальном меню. Утилита подскажет вам, стоит ли обращаться в сервис для замены аккумулятора, или же можно ни о чём не беспокоиться. А если вы купили новый {iphone | айфон} , то можно с легкостью определить его подлинность по серийному номеру в графе check warranty. Тем временем, резервная копия уже создалась. И теперь самое время обновляться. Раз {iTunes|айтюнс} не захотел, значит поможет {iMazing|аймэйзинг|аймейзинг} ."
multivariant-v2-custom,58,"Всем привет, с вами Вова Ломов и теплица социальных технологий. Я делал {скринкаст|скрин каст|скринкасты|скрин касты|screencast|screen cast} о менеджере паролей
{LastPass|Last Pass|Ластпас|Ластпасс|Ласт Пас|Ласт Пасс} . Естественно, в комментариях его критиковали и за это, и за то и писали, что пользоваться надо <*>. Хорошо, сделаю про этот менеджер паролей. Сам я при этом всё равно продолжаю пользоваться {LastPass|Last Pass|Ластпас|Ластпасс|Ласт Пас|Ласт Пасс} и не вижу в нём никаких недостатков. {Ну|Но} абсолютно не настаиваю на своём выборе, у меня просто так повелось. <*> - приложение с открытым исходным кодом, это, конечно, добавляет ему очков. Оно не так красиво и удобно как {LastPass|Last Pass|Ластпас|Ластпасс|Ласт Пас|Ласт Пасс} , это, конечно, забирает у него очков. В целом, учитывая что базу паролей вы храните у себя на компьютере или на флешке, можете, в общем, спрятать её где угодно, выглядит <*> более защищённым чем {LastPass|Last Pass|Ластпас|Ластпасс|Ласт Пас|Ласт Пасс} . Защищённым от внешних угроз, но, наоборот, куда менее защищённым от внутренних. А именно от вашей неорганизованности и разгильдяйства. То есть базу эту вы можете очень легко потерять или уничтожить в {один | 1} прекрасный момент. Но обо всём по порядку. Интерфейс предельно лаконичен. Начинается всё с создания базы данных, New Database. Сохраняем базу, пока в любом месте, сейчас покажу как переносить и так далее. Можно её сразу как-то назвать, чтобы потом можно было понять какая база, про что, если у вас их несколько. Это, кстати, удобная {фича|feature} . И вот мастер паролей. Единственная защита, пусть и надёжная, поэтому пароль должен быть предельно сложным, но запоминающимся. Не стоит говорить, что если вы забудете мастер-пароль, то и со всеми остальными паролями можете попрощаться. Тут всё оставляйте по умолчанию, это также пропустить. Собственно, всё. Тут {два | 2} примера по заполнению, есть даже примечания, но мы пока разберёмся с базами. Так, сейчас мы сохранили базу в документах. Мы можем её отсюда забрать и положить абсолютно в любое место. Как я говорил, можно держать её на флешке, а флешку в яйце, а яйцо в утке и так далее. Но мне кажется логичнее держать её на облаке. По крайней мере, так у вас меньше шансов её потерять. Кроме того, таким образом вы будете иметь к ней доступ из любого места {и с|из} любого компьютера, где установлен <*>"
multivariant-v2-custom,14,"{Первый | 1 | 1-й} пакет ""Дальновидный участник"". Он представляет из себя {10 | десять} уроков, ребята. {10 | десять} полноценных уроков. В пакете ""Дальновидный участник"" я вас научу рассчитывать общую вибрацию {22 | двадцать второго|22-го} года. Не вашу личную, общую. И любого года, не только {22 | двадцать второго|22-го} , {да} . Я научу вас рассчитывать биоэнергетический код человека. Расчёт индивидуального нумерологического прогноза на {22 | двадцать второй|22-й} год. Я вам дала базу. {А} на курсе я дам, естественно, подробно, со всеми нюансами, вариациями и описаниями. Не только на {22 | двадцать второй|22-й} год, на любой год. Дальше, здесь же, научу вас рассчитывать, составлять прогноз на каждый месяц, любого года. Научу вас рассчитывать, составлять прогноз на каждый день любого года. Дам вам технологию, как ориентироваться в скоростном потоке {события|событий} . {Сейчас | Щас} очень быстро время проходит, согласитесь. Не успела оглянуться, {а} уже следующий Новый год, {да.} Я дам технологию, как корректно ставить цели, как планировать, вот исходя из вашего индивидуального прогноза, {да} . Дам технологию, как настраиваться на энергетику дня. Это именно практика. {Вот.} Я дам шикарную новую практику, называется ""договор с тотемом"", как настроиться на энергетику года. Нас ждёт год очень такого интересного зверя, тигра. Лучше с ним подружиться. Я уже с ним пару раз технику делала, потому что вот по моему астрологическому календарю, {да,} коза и тигр {они} не очень дружат. Но мне очень хочется, чтобы год был успешным, поэтому я договариваюсь с тигром. Дам вам методику {договор|договора} с тотемом. Здесь же будут даны вам рекомендации по прохождению трудных периодов, если у вас такие, {а} мы рассчитаем, {да,} график трудных периодов. И вы создадите на этом уровне карту удачных периодов и дней. То есть это будет такая крутая шпаргалка. {Ребята|Ребят} , получается, за {10 | десять} уроков очень много всего научитесь. Создадите свой индивидуальный календарь на весь {22 | двадцать второй|22-й} год и любой последующий."
multivariant-v2-custom,73,"Что такое ошейник на каузальном теле, откуда он может появиться? Какие последствия даёт? Как его вычислить самостоятельно со стороны преподавателя, и можно убрать. Ошейник на каузальном теле, {ну} да, мы об этом с вами много говорили на {четвертом | 4 | 4-м} курсе и на других семинарах также упоминали, что такое явление есть, в народе его называют рабским ошейником. И, собственно говоря, из этого названия уже понятно его предназначение, то есть закабаление. Ошейник который не дается собственному маятнику захвата времени, {да,} и размаха собственного сознания в общей воронке времени размахнуться больше чем позволительно. То есть, эта программа блокиратор, эта программа стопор. {Она…} которая {заинтересованна|~заинтересована} сделать сознание человека коротким, {а} память короткой и как следствие очень простой. То есть алгоритм формирования событий в подобного рода сознания {очень…} крайне мал, потому что в прошлое они могут размахнуться только на строго определённую величину: разрешенную, которую позволяет тот самый ошейник или эта самая программа рабская или… и соответственно на точно такую же величину на {полу-амплитуде|полуамплитуде|полу-амплитуды|полуамплитуды|пол-амплитуды} размахнуться в будущее. откуда он берётся, как его вычислить и можно ли убрать? Значит {как|так} … Откуда он появляется? Появляется он, как правило, в большинстве случаев от контакта с эгрегором. Потому что {эта|это} информация… рабский ошейник - это информация, информация-блокиратор, {да,} которая ограничивает просто размах собственного каузального тела. Как правило это эгрегоры более высокого порядка, то есть государство, религия, они в большей степени воздействуют на время в большем объеме."
multivariant-v2-custom,38,"Антарктида - {шестой | 6 | 6-й} по счету континент нашей планеты. Самое холодное и самое суровое место на Земле. С момента, когда русские мореплаватели Фаддей Беллинсгаузен и Михаил Лазарев открыли этот материк, прошло уже почти {200 | двести} лет. Но загадки, которые таит под собой ледяной покров Антарктиды, не раскрыты до сих пор. Кто-то считает, что в материковой массе льда спрятана иная жизнь. Другие уверены, что там хранятся ответы на вопросы о происхождении Земли. Возможно, что каждый из пытливых исследователей Антарктиды по-своему прав. Иначе никак не объяснить череду таинственных событий, отчасти документально зафиксированных, которые происходили здесь в середине {20-го|двадцатого|20|XX} столетия. И эти события до сих пор считаются главным секретом {шестого | 6-го | 6} континента нашей планеты. В {1959 | тысяча девятьсот пятьдесят девятом|1959-м} году советская экспедиция, основавшая в Антарктиде полярную станцию Мирный, отправила группу из {восьми | 8|8-ми} исследователей {вглубь|~в глубь} континента, чтобы достичь южного магнитного полюса. Вернулись лишь {трое | 3} . По официальной версии, причиной трагедии были жестокая буря, сильнейшие морозы и отказ двигателя у вездехода. В {1962 | тысяча девятьсот шестьдесят втором|1962-м} году к южному магнитному полюсу отправились полярники из США. Американцы учли печальный опыт советских коллег, поэтому в экспедицию снарядили {17 | семнадцать} человек уже на {трёх | 3} вездеходах и с постоянной поддержкой радиосвязи. В этой экспедиции никто не погиб, но вернулись люди на {одном | 1} вездеходе. Все они находились на грани помешательства."
multivariant-v2-custom,81,"Так, {ребят|ребята} , {ну,} В проекте очередная {десятка | 10} у нас, раздербанили <*> Двери сняли сидушки, всё выкинули. Вот у нас {одна | 1} сторона. {Чё | Что} получается <*> Здесь вот такая вот шляпка. <*> Видно, да? <*> отлетело. Там у нас трубки идут. Здесь вот. Ну и, соответственно, всё туда. Все дырки. По проводке. Вся проводка здесь. {Сейчас | Щас} будем дальше вот это всё снимать. Ковырять. Ну вот эта сторона конечно жесть. Убита вся. Здесь. {Так | Такс | Так-с} , не спасти металл. {Вот|Вон|} тут придётся корыто менять, {ну} целиком. {Ну,} соответственно, пороги, усилители {всё} . А с той стороны. Здесь ещё более-менее. Зад везде нормальный. По заду нет вопросов. Здесь вот такими вот очагами тоже. {Вот здесь.} {Ну} там, наверное, усилитель придётся менять. От лонжерона идёт какой. Здесь вот такие вот дырки, <*> пытались {что-то | чё-то} . Ну {щас | сейчас} мы когда срежем, я всё подготовлю. Дальше тогда посмотрим. Так, ребята. Раздербанили слегка. {Вот} <*> вырезал. Гнилушки. Вот {эта|эту} вот часть."
multivariant-v2-custom,31,"Нина со своей подругой {Юлей|Юлией} соревновалась с самого детства. Если одной брали куклу, {вторая | 2 | 2-я} обязательно просила у родителей такую же. Если мама покупала платье одной, другая делала всё, чтобы её платье было в {сто | 100} раз красивее. Учились они в одном классе, сидели за одной партой, они никогда не ругались, но при этом каждая хотела, чтобы именно у неё было всё самое лучшее и красивое. Мам, купи мне, пожалуйста, жевательную резинку с наклейками, мне срочно надо. Зачем? Я тебе сегодня уже покупала. И ты знаешь, что её много жевать нельзя, потому что рот будет как у коровы. Мам, мне не жевать, мне оттуда наклейка нужна, а то у Юли наклеек столько, сколько и у меня, а я хочу, чтобы у меня было больше. Как же ты мне надоела со своим у Юли то, у Юли другое, и у Юли и родители больше зарабатывают, вот и могут позволить своей дочери абсолютно все. А я не собираюсь тратить деньги на всякую ерунду, только потому что тебе, видите ли, хочется, чтобы было больше. Ну, мам, тебе чего, жалко что ли? Да, жалко, я работаю целыми днями не для того, чтобы потом тратить деньги на всякую ерунду. Вот будешь когда сама зарабатывать, тогда вот ты меня поймёшь, о чём я тебе говорю. А сейчас иди {и} уберись в своей комнате и с глупыми просьбами ко мне больше не подходи. Нина обиженно зашла в комнату. Не хочу убираться. Вот Юльку убираться не {заставляет|заставляют} , везёт же ей, у неё {и} дома добрая мама, папа, всегда делают для неё всё, что она хочет, а у меня же нет, то иди уберись, то иди посуду помой, а тут маленькую наклеечку {попросил и|попросила} так сразу же отказали. Юля с мамой пришли из магазина и поставили пакеты на пол, сели на диван. Мама схватила журнал и стала обмахивать себя как веером. {О,} ну и жарко сегодня, что-то я устала, дочка, иди пока в свою комнату, а мы потом всё распакуем, уберём. Хорошо, мам, только можно я свои новые туфельки в комнату заберу и примерю, ну мне очень хочется."
multivariant-v2-custom,82,"Следующая вещь, ребятушки. Внешний вид. Если вы посмотрите на меня, то вы увидите перед собой типичного школьника в непонятной какой-то одежде с детскими, так сказать, картинками. Это забавный вариант внешнего вида, но {сейчас | щас} мы поговорим подробнее {и} даже с примерами о правильном внешнем виде для блогера. Итак, внешний вид, естественно, должен соответствовать вашему контенту. То есть, например, сидящий в нашей конференции <*> снимает серьёзный контент, поэтому выглядит он серьёзно. Даже иногда чересчур серьёзно, о чём я ему всё время говорю. {А} у меня немножко другое позиционирование, я такой, {типа|типо|} , весёлый чувак, весёлый блогер, какой {то} такой харизматичный парень, поэтому у меня другое позиционирование. Толстенько, {хаха,|ха-ха,|} пишет Алексей. Не нужно забывать, я думаю, что для многих из вас это очевидно, что если вы снимаете взрослый бизнесовый контент, то, {наверное|наверно} , вам нужно выглядеть более-менее солидно. Если вы снимаете блог, {там,} про жизнь {в деревне|деревни} , {наверное|наверно} , вы должны быть каким-то парнем {там,} в рваной майке. Хотел бы спросить у вас, знаете ли вы этого парня слева? Я думаю, что мало кто его знает, но тем не менее довольно интересный блогер. Видишь, да, говорят. Знаком. Ярик Лапа, да, угадали. {А} {и} хотел вам насчёт внешнего вида закинуть такую тему. Дело в том, что я раньше тоже не пользовался вебкой, тоже не палил свое лицо, но хотел бы просто {вот} вам сейчас для сравнения дать вот такую штуку. Смотрите. Я взял скриншот из игры {Minecraft | Майнкрафт} с Яриком, {да,} то есть Ярик снимает вот так {вот} свою вебку, свою мордочку, и с другой стороны, справа от вас, скриншот, где вебки нет. Вот на ваш взгляд, где интереснее - где вебка есть или где вебки нет? Ну да, почти все говорят, что когда вебка, {и} когда вебка есть, где есть. Я вам даже объясню, почему. Дело в том, что мы проводили небольшое исследование, совсем небольшое. Заходили на {Твич|Twitch} {и} смотрели какие трансляции набирают больше всего зрителей. Почти всегда в топе трансляции с вебкой. Очень редкие примеры трансляций набирают без вебки, потому что когда у вас есть дополнительный экран, вам интереснее. Даже вот сейчас картинка статична и вы видите просто {вот,} {ну,} этот слайд, он завис, но некоторые смотрят на мою морду. Поставьте семерку, кто смотрел в этот момент на мою морду, когда я это говорил. Это даёт вам дополнительный экран. Я считаю, что этим нужно пользоваться."
multivariant-v2-custom,48,"Всем привет! В сегодняшней подборке я предлагаю вам взглянуть на {25 | двадцать пять} самых быстрых работников, чей {скилл | скил | skill} вышел на новый уровень. Сколько нужно было слепить {~вантонов|вонтонов} , чтобы научиться этому? Эта девушка настолько прокачала свой {скилл | скил | skill} по лепке пельменей, что я просто не могу уследить как она это делает. Этот парень точно что-то скрывает, раз знает, как можно выключить гравитацию. Я думал, такое работает только в компьютерных играх. А так выглядит настоящая командная работа. Этой девушке может позавидовать любая счётная машинка. Этому парню нужно всего лишь несколько секунд, чтобы упаковать вашу посылку. Было бы неплохо, если бы доставка работала точно {так же|~также} . Кто сказал, что невозможно быстро вырезать круг из стекла? Этот парень доказал обратное. А этот приятель настоящий фанат {Mortal Kombat | Мортал Комбат} . Который научился не только быстро делать шаурму, но и выполнять все движения под музыку. А так выглядит пит-стоп у велосипедистов. <*> Эти мойщики окон достигли такого уровня синхронности, что могут выступать на олимпиаде. Этот парень больше тратит времени, чтобы достать пиццу из печи, чем её нарезать и упаковать."
multivariant-v2-custom,77,"Привет! Ты до сих пор находишься в поиске ниши для получения прибыли на {YouTube | Ютуб | Ютюб | Ютьюб} ? В этом видео мы поможем тебе найти ту самую нишу, при помощи которой ты будешь получать прибыль на самом мощном и самом эффектном канале трафика {YouTube | Ютуб | Ютюб | Ютьюб} . Это видео будет полезно если вы только задумались о том, как создать канал, либо у вас уже есть канал, но который не приносит прибыли. Эта ниша занята всерьёз и надолго, она дорогая и перспективная, но и там вы можете попытаться схватить птицу счастья за хвост. Топы. Топ знаменитостей, топ рекордов, топ животных, топ самых популярных и интересных мест на Земле, музыкальный топ, топ лучших голов, топ сверхлюди, топ популярных произведений искусства. Совмещайте полезное с приятным. Топы - очень перспективная ниша в {YouTube | Ютуб | Ютюб | Ютьюб} . А правильный выбор ниши - это гарантия того, что вы будете стабильно и постоянно, регулярно получать {высокодоход|высоко-доход|высокий доход} . Создаем правильный, уникальный и интересный контент. Я вам дам {8 | восемь} подсказок для этой ниши. Приготовьте контент-план. Выберите правильные ключевые слова, по которым вы хотели бы, чтобы вас находили посетители. Найдите {10 | десять} конкурентов и {10 | десять} союзников. Приготовьте план размещения видео. Проработайте плейлисты и сделайте группы в социальных сетях. Проработайте стильные обложки вместе с дизайнером. Мы собрали для вас самые популярные {33 | тридцать три} ниши. Подписывайтесь на канал видео для бизнеса, получайте интересный и полезный контент, зарабатывайте деньги на {YouTube | Ютуб | Ютюб | Ютьюб} . Всего доброго, пока!"
multivariant-v2-custom,76,"Здравствуйте, уважаемые садоводы! Я приветствую вас на канале {Про цветок|ПроЦветок} . Меня зовут Иван Русских. И мы поговорим с вами сегодня о том, как повысить всхожесть семян зонтичных растений. Зонтичные растения очень широко используются в огородничестве. К зонтичным растениям относятся такие известные растения, как, например, морковь, петрушка, также сюда {же} относятся сельдерей, укроп, кервель, пастернак и другие {ну,} менее распространенные растения. Но обязательно семейство зонтичных присутствует {ну,} у каждого огородника. Уже что-что, а укроп всегда на каждом огороде найдётся. И многие сталкиваются с проблемой, что семена, особенно свежие, убранные в предыдущий год перед посевом, плохо всходят. Как же повысить всхожесть этих семян и что делать? {А} в {первую | 1-ю | 1} очередь хочу обратить ваше внимание вот на что. Ведь очень часто так бывает: посеяли в грядочку укроп, а он почти не взошёл или всходит очень плохо. А {вот} тот, который посеялся самосевом, который зонтиков с прошлого года набросался по всему огороду, бушует, и особенно там, где ему в этом году не отводилось {места|место} . В чём же дело? Какая проблема? Дело в том, что семена зонтичных как правило содержат очень большое количество эфирных масел. И {вот} эти самые эфирные масла препятствуют всхожести семян в {первый | 1 | 1-й} год после урожая. Поэтому зачастую для того, чтобы зонтичные хорошо росли, рекомендуют семена оставить на {один | 1} , а то и на {два | 2} года храниться, а сеять семенами {двух | 2} - {~трёх летней | 3 летней | трёхлетней}  давности. Это позволяет испариться эфирным маслам и позволяет хорошо взойти семенам. Либо {второй | 2-й | 2} способ есть. Это посеять такие семена под зиму. Ведь этот прием тоже достаточно распространён. И когда вы высеваете семена под зиму, в течение зимы с помощью климатических каких-то {там} изменений, {да,} дождь идёт, мороз, снег и так далее, {и так далее,} эти эфирные масла постепенно из семян вымываются, испаряются, и семена хорошо всходят."
multivariant-v2-custom,7,"Вы слушаете трансмировое радио. В эфире еврейская программа <*>. Раби Шауль писал: каждый из нас должен угождать ближнему во благо к назиданию. Послание к римлянам {15|пятнадцатая|15-я} глава {2|второй|2-й} стих. У вас есть вопросы? Мы поможем с ответами. <*> Шалом! Мы на волне программы <*>. Что значит ближний. У микрофона Дмитрий Берлин. И Татьяна {Робак|Робок} . Евреи, которые хотят послужить вам. Тема нашей передачи ""Единый Бог"". Дима, скажи, пожалуйста, неужели вы стали верить в {трех|3|3-х} богов так же, как и христиане? Ну, конечно же нет. Вообще это распространённое заблуждение, что {вот} евреи верят в {одного|1|1-го} бога, в то время как христиане в {трех|3|3-х} богов. Это заблуждение, это ошибка. {А} в действительности же христианство {так же|~также} строго монотеистично, как {и} иудаизм. Дело в том, что христиане верят в то, что единый Бог существует непостижимым для смертного человека образом в {3|3-х|трёх} ипостасях или личностях. И эта вера основывается на писаниях. Мы утверждаем, что еврейская Библия говорит о том, что есть единственный Бог, и мы соглашаемся с основополагающим утверждением, которое записано в книге {второзаконие|второзаконье|второзакония|второзаконья} {6.4 | шесть-четыре} : ""Слушай, Израиль: Господь, Бог наш, Господь единый есть"". Но наряду с недвусмысленным утверждением о том, что Бог один, в Библии есть {и} ряд косвенных указаний не на абсолютное единство, а на совокупное единство. {Один | 1} из примеров - это использование формы множественного числа по отношению к Богу. Например, распространённое {древнееврейское|древне-еврейское} слово, которое обозначает Бог, это слово {Элохим|элогим|елогим|elohim} ."
multivariant-v2-custom,63,"Ах, Николай Степанович, поэт не только и не столько видит свет. Зачем определённостью границ обременять {стремление|стремленье} в небо птиц? Я знаю, горизонт не полоса, и небо не очерчивается. Скажите, сколько снов в душе моей? А сколько, неизвестно, тёмных дней таит ещё судьба? Молчит Восток, молчит его заря. {Один | 1} итог земного бытия, молчание, могила моего {отчаяния|отчаянья} . Что {жертвою|жертвой} приносим для венца, такая тайна есть в чертах лица, и столько сил даровано судьбой, невыразимых словом и строфой, что сердцу предоставлено, увы, искать напрасно славы и молвы. Как часто полон взор видений, а там лишь тени, только тени, тем всемогущ перед толпой, что зрит умом мудрец слепой. Не бойтесь света, это кара, ниспосланная на Икара. Но как прекрасно умирать героям древности {под стать|~подстать} ."
multivariant-v2-custom,69,"{3 | три} часа на соблазнение. Думаешь этого мало? Это нереально? Тогда смотри это видео, ты поймёшь, как же тебе нужно соблазнять девушек и что нужно делать, чтобы через {3 | три} часа она оказалась у тебя в постели. Ну а пока лайк этому видео, подписка на канал и мы начинаем. Итак, смотри, соблазнение за {3 | три} часа - это скоростная методика соблазнения и она лучше всего работает во время выходных. Данный метод знакомства и соблазнения знают многие мастера и он будет очень полезен ребятам, которые хотят прокачать именно скоростное соблазнение. Я разберу несколько аспектов и объясню почему именно лучше всего делать это на {выходных|выходные} . Итак, время проведения. Желательно с четверга по воскресенье. Это для небольших городов. Для в принципе крупных городов миллионников по-моему здесь всё равно, можно делать в любой день недели. Главное, чтобы девушке не нужно было рано вставать на работу. Дальше. Места. Начинаем как обычно с кафе, баров и ресторанов. Потом передвигаемся уже в такие ночные кафешки, типа {лаундж|лаунж|lounge} , кафешки, кальянные, бары с танцполами и, конечно же, ночные клубы. Что желательно необходимо иметь? Здесь: {машина|машину} либо деньги на такси, потому что тебе потребуется много передвигаться по городу. Хороший внешний вид и основы соблазнения. У тебя должна быть мощная уверенность и {прокачанная|~прокаченная} гибкость. Теперь, что касается самой структуры соблазнения, самой структуры фаста. {Первое | 1 | 1-е} . Объезжаем все популярные кафе и рестораны в городе и смотрим, и калибруем девушек, которые ведутся. Открываем сеты. Кстати, видео про сеты я совсем недавно записывал, ты можешь посмотреть его вот здесь в подсказочке. Выдергиваем девушек по одной {и} знакомимся, то есть буквально общаемся {2|две} {тире} {там} {5|пять} минут, можно чуть больше. Потом спрашиваем: какие планы после того, как ты посидишь тут с подругами или друзьями."
multivariant-v2-custom,78,"Друзья, вчера создал обзор о прохождении <*> оплачиваемого, где раздают от {десяти|10|10$|10 $|$10} до {ста долларов|ста $|100$|$100|100 $|100 долларов} . Кому интересно, смотрите дальше. Все ссылки необходимые будут у меня в {Телеграм | Telegram} канале, ссылка на {Телеграм | Telegram} в описании под видео. Нам необходимо скачать расширение, потом установить его в браузер, скачать <*>, {вот} такое {вот} приложение, кошелёк очень похож на <*>, зарегистрировать аккаунт и потом протестировать его. После этого - видео, к сожалению, я забыл добавить - необходимо заполнить форму. В форме вас попросят добавить отзыв, что вам понравилось в этом кошельке. Я написал там коротко, интерфейс радует, всё работает быстро, доступно и так далее. {Второй | 2 | 2-й} отзыв они попросят добавить насчет дополнений к функционалу данного кошелька. Тут я тоже особо острить не стал и написал: меня всё устраивает, ничего там лишнего нет. И перебарщивать {как бы} не нужно. И в самом конце нужно указать адрес кошелька <*> . Я так понял, что кошелек <*> тот, который мы используем для прохождения <*>. Я думаю, вряд ли им нужен адрес кошелька вот этого <*>, который мы только тестируем. Поэтому я указал <*>, и на этом тестирование заканчивается. Кому интересно, смотрите дальше. Переходим по ссылке, всё у меня в {Telegram | Телеграм} канале. Ссылка на {Telegram | Телеграм} в описании под видео. Переходим на {первый | 1-й | 1} сайт, здесь выбираем архив для браузера, какой у вас стоит {Chrome | Хром} , {Brave | Браве} , {Firefox | Фаерфокс | Файерфокс} , {Opera | Опера} ."
multivariant-v2-custom,59,"Как убрать хруст и боль в суставах? Как вылечить артроз {первой | 1-й | 1} , {второй | 2-й | 2} , {третьей | 3-й | 3} стадии? Здравствуйте, приветствую вас на канале Доктор {Скачков|Скачко} ! А я Доктор {Скачков|Скачко} , врач фитотерапевт, диетолог, натуропат. Автор десятков опубликованных научных статей. Автор более {пятидесяти | 50} опубликованных книг и брошюр в разных странах. Часть книг вы можете купить {и} через интернет. А сегодня решил продолжить серию видео: что стоит делать, чтобы ваше время истекло позже? И рассказать вам - как вылечить на любой стадии артроз суставов? Считается, что это не смертельный диагноз, но он на любой стадии сокращает продолжительность вашей жизни и нарушает её качество. Если вы {задумались|задумывались} над лечением артроза на {первой | 1 | 1-й} стадии, чаще всего у вас на этой стадии хрустят суставы - то это прекрасно. Если же вы хотите продолжать хрустеть суставами дальше, это, конечно же, ваш выбор, но хруст суставов показывает, что смазки в ваших суставах недостаточно. Иными словами, любую физическую нагрузку вы выполняете, прикладывая больше усилий. Если вы хотите показать своему начальнику, что вы трудитесь в поте лица - это ваш выбор, если вы хотите показать своему тренеру как тяжело вам достаются медали - это также ваш выбор, но я советую всё же хруст {суставов|в суставах} устранять правильно. Тогда жизнь будет приносить вам больше {удовольствий|удовольствия} . Если вы задумались над лечением артроза на стадии ""болят суставы"" ещё не все потеряно, если суставы ещё болят, значит они живы и восстановлению подлежат. И неважно у вас {вторая | 2-я | 2} либо {третья | 3-я | 3} стадия артроза, чаще всего в этом случае выявляемая, боль в суставах нужно лечить и устранять правильно. Если вы боретесь только с болью в суставах, это, {как говорится,} ваш выбор, вы улучшаете качество жизни, но вы идёте последовательно."
multivariant-v2-custom,54,"{А} {здесь|здеся} я слышал есть какие-то деревья, которые могут убивать людей, и против них существует такое оружие, как топор, то есть меч {малый урон|мало урона} наносит им. Но топор даёт им урон конкретный. Я умею {как бы} различать эти деревья, ребята. Всем привет, с вами <*> {и} сегодня мы будем играть, как обычно, в такую интересную игру, как Властелин Колец в {Майнкрафте | Minecraft<е>} . И пока я отворачиваюсь <*> О {господи|хоспади} , как же я боюсь таких вещей. <*> {ну|но} я слышу. Отвечаю я слышу <*> Так. {Ой} ой, блин, {а|ай|ой|} я {сачканул|сочканул} , я {сачканул|сочканул} <*> сдохни. {а|ай|ой|} {блин|бля} {да} я так этих деревьев боюсь просто {жуть | жють} . Так, вы {чё|что} меня преследуете, петухи? Ладно, отстали. Короче говоря, эти злые деревья есть энты, место такое где есть энты. {а|ай|ой|} {блин|бля} , а это злые деревья <*> иди отсюда тварь. Короче потихонечку так вот <*> рубим, на тебе, на, всё, {плюс один|+ один|плюс 1|+1|+ 1} . <*> короче говоря {эти | это} деревья злые и они приносят какой-то вред хоббитам, что хоббиты меня, видите, наградили. {плюс один|+ один|плюс 1|+1|+ 1} <*> к ауре, потому что эти деревья злые, {походу|~по ходу} . Мне это очень не нравится, потому что"
multivariant-v2-custom,29,"{Регулярная консультация|Регулярные консультации} и проверки у специалистов, тем более, если в вашей паре более года не наступает беременность, просто {необходима|необходимы|необходимо} . Для записи к специалисту в любой момент нажмите на ссылку под видео. Здравствуйте! В этом видео вы узнаете, почему не нужно бояться мужского фактора бесплодия. Пожалуйста, досмотрите этот ролик до конца и расскажите о нём друзьям. И вы можете скачать анкету по самодиагностике дефицита тестостерона в ссылке под этим видео. Также по этой ссылке вы можете записаться на консультацию. Сегодня в {половину|половине} случаев {причин|причиной} бесплодия в супружеской паре является мужской фактор. И этот фактор в настоящий момент до сих пор остается {недооценённый|недооценённым} . Поэтому {регулярная консультация|регулярные консультации} и проверки у специалистов, тем более, если в вашей паре более года не наступает беременность, просто {необходима|необходимы|необходимо} . В моей практике был пациент. Мужчина, который {третий | 3-й | 3} раз женат, на протяжении {двух | 2|2-х} лет у них не наступала беременность. С учётом того, что в первых {двух|2|2-х} браках у него есть {трое|3|3-е} детей. У {одной | 1} жены {двое|2|2-е} и у другой жены {один | 1} ребёнок. После обследования у меня в клинике выяснилось, что у него тяжёлая форма генетических нарушений и он в принципе не может иметь детей. Вывод такой, что те {две | 2} жены его обманули и он воспитывал не своих родных детей. Вовремя надо обследоваться. Также в настоящий момент проще обследовать мужчину, чем женщину. Для этого необходимо прийти в клинику по определённым требованиям сдать спермограмму и получить по результатам её консультацию у врача-андролога. При определённых ситуациях нужно пройти ультразвуковое исследование мочеполовых органов, где мы можем исключить такое заболевание, как варикоцеле, которое в большинстве случаев приводит к мужскому бесплодию. В случае грубых нарушений показателей спермы потребуется гормональный скрининг либо генетические методы исследования. Клиника ""Хорошая практика"" сотрудничает с лабораторией <*>. Это одна из ведущих лабораторий экспертного уровня."
multivariant-v2-custom,41,"В данном видео я расскажу, с чем может быть связано появление сообщения ""бюджет периода превышен"" при проведении документа ""планируемый расход"". Когда проводится документ ""планируемый расход"", происходит контроль по договору, проверяется, соответствует ли аналитика договору, сколько было запланировано по нему, сколько уже потратили по договору и контроль по бюджету, выделены ли деньги в бюджете, сколько было запланировано, сколько уже потратили, с помощью каких документов фиксируется каждая из сумм, {суммы|сумма} и аналитика договора <*> {регистрации|регистрация} договора, сколько запланировано потратить - планируемый расход, потраченная сумма - платёжное поручение, деньги бюджета - форма ввода бюджета. {Сумма отражается|Суммы отражаются} в следующих сценариях: сумма {и} аналитика договора по договору {оплаты|""оплата""} , запланированная сумма прогноз, потраченное кассовое поступление, деньги бюджета, утверждённый план. Документ проводится в том случае, если сумма планируемого расхода, которую мы хотим запланировать, меньше или равна. {Первое | 1 | 1-е} . Той которая указана в договоре: сумма договора минус потраченная, но не запланированная минус не потраченная, но запланированная минус потраченная из запланированной. {Второе | 2 | 2-е} . Той которая осталась в бюджете. Вычисляется она следующим образом: деньги бюджета минус {потраченные|потраченное} , но не {запланированное|запланированные} минус не {потраченные|потраченное} , но {запланированное|запланированные} минус {потраченные|потраченное} из запланированных. Бюджет периода может быть превышен по {2 | двум|2-м} сценариям. По договору {оплаты|""оплата""} и ""утверждённый план"". Во {втором | 2 | 2-м} случае нужно посмотреть по аналитике проводимого документа {""сумма по сценариям""|сумму по сценариям} - утверждённый план, прогноз и кассовое исполнение. О том, что делать при превышении бюджета по сценарию ""утверждённый план"", рассказано в видео: что делать при появлении  {сообщения|сообщений} о превышении бюджета по сценарию ""утверждённый план""? Что делать если не сходится аналитика по сценарию {договора платы|договор оплаты|договора оплаты|договор ""оплата""|договора ""оплата""} ? Если проблема в том, что в реестре платежей планового расхода указана аналитика, отличающаяся от документа регистрации договора, то можно заново указать документ основания, и в реестре платежей заполнятся такие же строки, как в регистрации договора, после чего можно будет провести {документы|документ} . В чем может быть ошибка? Если строки аналитики планируемого расхода и регистрации договора одинаковы, а сумма планируемого расхода не превышает сумму регистрации договора."
multivariant-v2-custom,56,"Всем привет, дорогие друзья, с вами Никита {NPpower | N P power | NP power | НП павер | НП пауэр | Н П павер | Н П пауэр} и давайте мы сегодня поделаем растяжечку, комплекс будет совсем для деревянных людей. Итак, начнем с шеи. Ножки чуть шире плеч, взгляд прямо. Опускаем шею вниз, подбородком стараемся коснуться груди, ручками немножко себя продавливаем. Дальше наклончик назад. Максимально тянем. И ещё {один | 1} разочек. Наклоняем шею вниз. Подбородком касаемся груди. И немножко ручками продавливаем себя. И опять назад. Сделали. Отлично. Дальше. Повороты влево-вправо. Стараемся максимально. В {одну | 1} сторону и в другую. И так несколько разочков. Теперь смотрите, друзья. Если у вас дома завалялись резиновые петли, либо, {я не знаю,} какая-нибудь верёвка, {да,} делаем вот что: становимся {одной | 1} ножкой. {Ну} допустим, {вот} {да,} резиновая петля, наклончик шеи делаем влево, и при этом правое плечо мы тянем максимально вниз, {да,} за счет резиновой петли, либо, что у вас есть, верёвка, и чувствуете, как у вас шея {вот} здесь {вот} {тут} тянется {вот} {прям} вообще {вот} это {вот} растяжение. В {одну | 1} сторону потянули. Точно {так же|~также} в другую сторону. Наклон вправо, при этом левое плечо тянем вниз и максимально чувствуете {вот} здесь {вот} растяжение, {вот} как тянется {прям} шея хорошо. И давайте ещё по {одному | 1} разочку. Наступаем, {стоим|встаём} ровненько, поворачиваем в левую сторону шею, правое плечо тянем вниз, и {вот} тут {прям} хорошее растяжение идет {вот} в {одну | 1} сторону и в другую. Ровно встали, шея вправо, левое плечо тяну вниз. {Все,} опять {вот} растяжение пошло. Сделали? Отлично. Друзья, последнее упражнение можно делать без петли, но с петлёй просто более {эффективно|эффективнее} , а без петли точно {так же|~также} . Наклон шеи влево, при этом правое плечо тянем вниз, и {вот} точно {так же|~также} мы чувствуем растяжение на {одну | 1} сторону и на другую. Шею вправо, левое плечо вниз. Просто с петлёй, {да,} либо с резинкой натяжение будет сильнее, и прям шея будет очень отлично растягиваться. Друзья, дальше мы будем с вами тянуть плечи и грудь. Для этого нам понадобится опять резиновая петля."
multivariant-v2-custom,33,"С чего начать ведение канала на {Ютуб|Ютьюб|YouTube} ? Как выбрать идею? Всем привет! С вами Надежда {Шадрухина|Шадухина} , интернет-предприниматель, эксперт в области {Ютуб|Ютьюб|YouTube} , сегодня поговорим о том, с чего же начать ведение канала. Статистика показывает, что большинство не начинают продвижение в {Ютубе|Ютьюбе|YouTube} из-за отсутствия идеи канала. Выбор ниши - это сложная, конечно, задача, пока не ответили на {3 | три} вопроса, которые я вам сегодня представлю. {Первое | 1 | 1-е} - это актуальность, выбирайте те направления, которые интересны аудитории сегодня. Вот несколько <*> Спорт, еда, отношения, увеличение дохода, путешествия, автомобили. Выбирайте темы, где много вашей аудитории для вашего бизнеса, с узкой темой вы можете быстро исчерпать идеи для контента. Что интересно вам. {Второе | 2 | 2-е} , выбирайте темы, в которых вы разбираетесь лично. Тема должна быть {интересной|интересна} для вас, либо вы быстро потеряете удовольствие и {в} процесс… и забросите ведение {канала|каналов} . Лучшее решение - это делиться тем, что вас увлекает и хорошо получается, так вы сможете поддерживать интерес к процессу, даже если в начале не будет <*> большого роста подписчиков. {Третье | 3-е | 3} - это ваши возможности, очень важно оценить ваши <*> возможности для ведения канала. Если вы заводите канал о путешествиях, а делаете это раз в полгода, то это не самая хорошая идея. То же касается {влогов | блогов} , где на изготовку одного видео может уйти до {двухсот тысяч рублей|200 тысяч рублей|200 тысяч р|200 тысяч ₽|200000 рублей|200,000 рублей|200000 р|200,000 р|200000 ₽|200,000 ₽|200000₽|200,000₽} . Также они требуют разнообразного контента с хорошим монтажом. Если у вас нет достойного бюджета, то не стоит начинать с этого свою карьеру на {Ютубе|Ютьюбе|YouTube} . А теперь выполним {3 | три} задания для определения вашей ниши. {Первое | 1 | 1-е} задание: напишите список тем, интересных вашей целевой аудитории. {Второе | 2-е | 2} : напишите список тем, в которых вы разбираетесь. И {третье | 3 | 3-е} : опишите свои текущие возможности для съёмки. {Четвёртое | 4-е | 4} : выберите темы для своего канала, которые подходят вам по всем критериям."
multivariant-v2-custom,79,"<*> в море, <*> усеяно ледышками на расстоянии {50 | пятьдесят} - {30 | тридцать} метров друг от друга. А я же, блин, каратист {не настоящий|ненастоящий} , я могу {и} не вписаться. А Андрюха сидит {вот} в трюме, {вон|вот|} там, и ржёт надо мной, как я <*> отруливаю. {А,} вообще, знаете, как страшно, капец. Короче, я говорю, а если я врежусь и не попаду, а он говорит, ну мы все утонем. Так что если потом на дне через {999 тысяч|девятьсот девяносто девять тысяч|999000|999,000} лет найдут камеру с флешкой, вот {знаете|знайте} , что это было {10 | десятого} марта {2019 | две тыщи девятнадцатого | две тысячи девятнадцатого} {года|г} , когда не вписались <*> {Вот} через это поле мы только что пробивались. <*> {Да!} Прицепили с собой небольшой айсберчик. {Вон} краску на нём оставили красную, где мы носом везли эту глыбу. <*> Класс, ледокол прям. Вообще, <*> Вот всё это ледяное поле мы прошли. Слава тебе, Господи. Мы в Антарктиде! {А} придя на Огненную Землю через пролив Дрейка из Тихого океана, пройдя мыс Горн, мы увидели достаточно много яхт, которые стоят здесь, или приходят из Антарктиды, или уходят туда. И обычные живые люди, то есть не какие-то мифические герои, они готовятся к ледовому континенту."
