pipeline_name,dataset_name,augmentor,sample_id,artifact_type,value
whisper-large-v3,multivariant-v2-custom,none,27,text," Здарова, чуваки! На связи, как обычно, Антон. Ну что, время пострелять между нами, пальба-па-па-па-па... Ой, да ладно вам, конечно вы не ошиблись каналом, и это не выпуск Шоу Голос, а очередная крутейшая подборка топовых пушек Лего. Я такие модели вам сегодня покажу, что вы просто офигеете. Не хочу спойлерить, но если вы досмотрите этот ролик до конца, то увидите в нём балдёжный пистолет из Киберпанка, пуху из КС и ещё много всего интересного. Так что скорее хватайте что-нибудь похрустеть, не забывайте про конкурс в конце видео на 1000 рублей и выезжаем. И начну я, ребятки, с потрясного пистолета из игры Wolfenstein. Он был сделан под золото с красивой деревянной ручкой. У пестика, хоть это и лего-моделька, красиво проработаны все элементы, включая даже ручку. Вон какой клёвый узор у неё сбоку. Оружие является декоративным. Да, с ним можно было бы побегать по улице и пострелять в друзей, Но блин, лично мне такого красавца вообще не хочется подвергать никаким испытаниям. Пускай стоит себе на подставке и радует своего создателя каждый день. Следующей на очереди будет копия одного из самых распространенных многозарядных ружей, которое впервые было выпущено в далеком 1961 году. Я сейчас говорю про Мосберг 500. В наше время он выпускается в различных модификациях, предназначенных как для охоты, так и для полиции, охранников и даже самообороны. Честно признаться, не уверен, какая именно модель попалась нам в качестве Лего, но определенно она получилась на славу. Я посмотрел на картинки настоящей пушки, потом на нашу, и понял, что отличить ее при правильной подаче и освещении будет практически нереально. К тому же все элементы здесь запросто вытаскиваются, перезаряжаются, меняются и так далее. А теперь я покажу вам такое, что реально поразит каждого фаната вселенной Марвел. Эта вещица была полностью вручную собрана из разных деталек Лего. а ее вес вышел на 2,5 килограмма. Встречайте, настоящая рука железного человека. Блин, я и подумать не мог, что лего-приколюхи до такого дойдут. Вы только зацените, она ведь реально может двигаться. То есть не сковывать ваши движения. С такой игрушкой, наверное, можно создать изумительный косплей на всего персонажа и удивлять каждого прохожего. Идея создать подобный инструмент действительно оригинальная."
whisper-large-v3,multivariant-v2-custom,none,27,elapsed_time,16.555827379226685
whisper-large-v3,multivariant-v2-custom,none,20,text," Здравствуйте, меня зовут Вячеслав Манацков, а вы на канале Коллегия Адвокатов. Здесь мы рассказываем об изменениях в законодательстве, судебной практике и своем мнении относительно событий правовой тематики. Ситуация с распространением коронавирусной инфекции продолжает развиваться. Количество зараженных растет, а власти пытаются сдерживать этот процесс, вводя различные ограничительные меры. При этом сложилась крайне опасная ситуация в исправительных учреждениях и следственных изоляторах. По определению, в указанных заведениях невозможно обеспечить необходимый уровень мероприятий по сдерживанию распространения COVID-19. Игнорирование данной проблемы может повлечь не только массовые вспышки заболеваний среди заключенных и следственно арестованных, но и различные формы недовольства среди них. Одним из решений назревшей, а возможно уже и перезревшей проблемы, может быть широкая амнистия в связи с 75-летием Победы. Об этом я неоднократно говорил в своих видео, приводил позицию различных общественных организаций, предлагал подписать соответствующую петицию новой газеты и требования партии Яблоко. Однако несмотря на сложившуюся обстановку, представители властных органов либо отмалчиваются, либо делают заявление противоречащие здравому смыслу. Так на днях глава комитета Государственной Думы по законодательству Павел Крашенинников заявил, что амнистии к 75-летию победы Великой Отечественной войны не будет. Якобы в Думе нет проработанных текстов, а амнистия не может объявляться под копир. Якобы люди не должны надеяться на амнистию, совершая преступление. Всем понятно, что государственные деятели давно оторвались от жизненных реалий и витает в облаках своей значимости. Остается надеяться, что люди, действительно принимающие решения, не разделяют абсурдности взглядов господина Крашененникова. Что же касается отсутствия проработанных законопроектов, то такое заявление не менее надумано, чем предыдущие. Государственная дума, которая не место для дискуссий, в кратчайшие сроки принимала и значительно более сложные законопроекты. Иногда такой процесс."
whisper-large-v3,multivariant-v2-custom,none,20,elapsed_time,15.595418691635132
whisper-large-v3,multivariant-v2-custom,none,13,text," Здравствуйте, уважаемые зрители и слушатели! Предлагаю вам гороскоп на неделю с 18 по 24 апреля 2022 года. Подписывайтесь, ставьте колокольчик, если зашли впервые. Также приглашаю вас в мой Facebook, Instagram и Telegram, ссылки на социальные сети, контакты для записи на консультации по вопросам обучения на главной странице канала и в закрепленном комментарии. Неделя начинается с напряжения Солнца с Плутоном. Поэтому для серьезных дел встреч с влиятельными людьми понедельник, 18 апреля неблагоприятен. День достаточно сложный. Чтобы добиться успеха, проникнуть в суть вещей, повернуть ход ситуации в свою пользу, требуется сила воли, выносливость и упорство. А эти качества есть далеко не у всех. Не раскрывайте свои планы, но и не злоупотребляйте доверием. Главное событие недели – ингрессия Солнца в знак Тельца 20 апреля в 5 утра 25 минут. С этого дня фон событий резко меняется. В ближайший месяц люди становятся рассудительнее, спокойнее реагируют на все, что происходит вокруг. Начинается период финансовой стабилизации. В социально-экономическом секторе наблюдается прогресс. 24 апреля напряжение Меркурий-Сатурн. Техника ломается, допускаются ошибки, открытые конфронтации, необдуманные поступки и нарушение концентрации внимания препятствуют созданию стратегического плана достижения целей. Информация, идеи и методы могут показаться интересными и ценными, но попытки применить их окажутся неудачными или будут прекращены из-за каких-либо ограничений. Далее по лунным дням. Понедельник, 18 апреля. Убывающая луна в Скорпионе соединяется с Южным узлом, поднимает кармические темы. Многие почувствуют сильное влияние рода на свою жизнь. Для всех из нас жизнь складывается из кармы, отношений с родителями, опыта настоящей жизни и родовых программ. У кого-то последние проявлены явно, кто-то может..."
whisper-large-v3,multivariant-v2-custom,none,13,elapsed_time,13.694460153579712
whisper-large-v3,multivariant-v2-custom,none,70,text," Кошелек Maxpedition. Модель, не помню, Spartan, по-моему. Сделана в Тайване. Кошелеку уже 5 лет. Здесь одно отделение под липучкой и два открытых отделения. Одно для мелких денег, другое под липучкой для более крупных. И есть еще отделение вот. Оно глубокое. До самого конца доходит здесь кошелька. Здесь два кармашка для разной мелочевки. Там чеки, визитки. Здесь инструкция от ножа. здесь под лихучкой переходник, монетка, которую прислали китайцы, и переходник для сим-карты. Здесь карточки. Карточки и пропуск. функциональное отделение ничего не потерлась чего хороший вот добротно ни разу не стирал надо будет его как-то отдать чем чистку липучки за пять лет вообще в идеальном состоянии пользуюсь каждый день практически ничего не растянулось"
whisper-large-v3,multivariant-v2-custom,none,70,elapsed_time,6.514334440231323
whisper-large-v3,multivariant-v2-custom,none,5,text," Обычно мы без особой охоты ходим к гинекологу. Разве что, когда выхода нет. А на приеме вроде как и хотели бы задать какие-то вопросы, но стесняемся. Сегодня разберемся в четырех из них. Какая продолжительность менструального цикла является нормой? Почему-то бытует мнение, что цикл длится 26-28 дней, а все отклонения от этих сроков – нарушение нормы. Главный показатель, что с вашей репродуктивной системы все в порядке, не длительность цикла, а его регулярность. То есть от начала менструации до начала следующей проходит примерно одинаковое количество суток. В норме промежуток между месячными составляет от 21 до 35 суток с допуском в 1-3 дня. Не является отклонением от нормы однократные пропуски одного цикла, но не систематические задержки. Если продолжительность цикла имеет выраженные колебания, к примеру, 21, 35, 24, 42, 23 дня – это уже не норма, пора идти к гинекологу. Обычно объем менструации составляет около 80 мл. Но иногда месячные с самого начала бывают обильными без какой-либо причины. И в этом случае важно изменение именно обильности менструации. Если до какого-то момента выделения были умеренные, а потом внезапно стали обильными, это тоже повод обратиться к врачу. Если менструации были обильными, а потом стали умеренными, поищите причину в своем режиме. Возможно, вы стали иначе питаться, похудели, стали заниматься спортом или пережили стресс. Регулярность половой жизни и даже смена климата также могут повлиять на интенсивность выделения. Влияет ли переохлаждение на женский организм? Помните, мама вам советовала не сидеть на холодном, чтобы не застудить придатки? Наверняка вы наслушались этих советов, подкрепленных вручением теплых штанов с начесом. Так вот, просто от переохлаждения придатки воспалиться не могут, потому что любое воспаление такого рода в 90% случаев вызывается заболеваниями, передающимися половым путем. Продолжение следует..."
whisper-large-v3,multivariant-v2-custom,none,5,elapsed_time,14.640178918838501
whisper-large-v3,multivariant-v2-custom,none,75,text," Матер, скажите, пожалуйста, каким образом найти предназначение в жизни? Как понять, чем мы должны заниматься? Предназначение – это очень важный аспект, и большинство людей ищут его во внешнем мире. Если мы говорим о йоге, вообще вся наша задача сейчас – раскрыть, что есть путь в человеческой жизни, что есть путь вообще человека в человеческой жизни. Мы ведь пришли сюда из других миров, проще говоря. И, соответственно, для чего мы пришли? Зачем мы вообще здесь родились? С какой целью эта душа обрела Дживу? С какой целью эта атма стала Дживатной? Это вот это и есть предназначение. Но наше эго, система, в которой мы находимся, практически переключает это высокое знание и делает его более примитивным. И говорят, что предназначение в жизни — это быть врачом, быть музыкантом, быть еще кем-то. По сути, люди забывают, что они сразу являются всем. Каждый ребенок, который рождается, он рождается с определенными качествами. Он может быть целителем, потому что его каналы чистые, если он их потом не засорит. Он может быть искусным художником, поэтом, музыкантом. Действительно, может быть всем. Потому что он Бог. Потому что в нас есть все качества. И мое глубокое понимание этого вопроса. Предназначение человека — раскрыть в себе божественность. Для чего? для того, чтобы одухотворить материальную природу, для того, чтобы то, где мы находимся, стало божественным. И вот таким образом Творец допознает себя через каждого из нас. Это высочайшее предназначение, это цель жизни — понять, кто мы на самом деле. Сатья Саи Баба говорил о том, что есть три вопроса, откуда мы пришли, кто мы сейчас и куда уйдем потом."
whisper-large-v3,multivariant-v2-custom,none,75,elapsed_time,11.826161623001099
whisper-large-v3,multivariant-v2-custom,none,68,text," Привет! В этом видео я расскажу о том, как будет проходить консультация, на которой мы разберем вашу ситуацию, что мы будем делать, чего не будем делать и для чего она нужна. Я могу с твердой уверенностью сказать, что если вы готовы вкладывать силы и ресурсы для того, чтобы изменить ситуацию в свою пользу, она точно изменится. Все о том, как вернуть мужчину. Дмитрий Норман. Консультация начинается с разбора вашей истории. Вы мне рассказываете ее так, как считаете нужным, и говорите о том, что, по вашему мнению, является самым важным. Часто уже на этом этапе можно понять и предположить, в какую же сторону были перекосы в отношениях, и что же на самом деле произошло. Дальше, для получения дополнительной информации, я буду уточнять все, что необходимо для того, чтобы диагностировать проблему, понять, с чего все началось, пересмотреть как минимум последний год отношений и открыть вам глаза на происходящее в этот период. Часто женщина, находясь в зависимости, не замечает того, что у нее происходит прямо под носом и отрицает очевидные вещи. Этот этап очень важный и занимает большую часть времени, так как от правильной диагностики зависит и то, какую стратегию мы с вами выберем. Более чем в 80% случаев сама женщина неправильно воспринимает происходящее. Бывает такое, что женщина приходит с запросом «Я абьюзер, как мне вернуть мужчину?» Но на самом деле оказывается, она настолько унизилась в отношениях, что при желании мужа уйти, начала еще больше заниматься самобичеванием. И имеет абсолютную уверенность, что ей нужно стать еще лучше, чтобы муж вернулся. Хотя это будет только ухудшать ее позиции. Бывает наоборот. Женщина была в сильной позиции в отношениях, затюкала мужа, он сбежал. А она уверена, что это он такой гад, не оценил ее заботы и любви, и что теперь нужно его игнорить по полной и угрожать разводом, усиливая давление, чтобы он осознал, каким же был дураком."
whisper-large-v3,multivariant-v2-custom,none,68,elapsed_time,13.478693008422852
whisper-large-v3,multivariant-v2-custom,none,83,text," Друзья, всем привет! У нас вернулась зима, идет снег, а я решил съездить в магазин для того, чтобы купить деталек для изготовления простой и полезной... Магазин отменяется, но ненадолго. Будем модернизировать обувь. Для первого варианта понадобится клей и что-то сыпучее. Например, сода или песок. Капаем на выступающую часть протектора клей и посыпаем цепочкой. Повторяем несколько раз. Получаются шероховатые бугорки. Для второго варианта возьмем наждачную бумагу. Я взял вот такую круглую. Клеим на наждачку двусторонний скотч. Лишнее обрезаем и далее клеим на подошву. Далее идем тестировать. Друзья, по ощущениям меньше скользит наждачка, но и с вариантом клея и соды тоже чувствуется, что есть толк. Получается, если хотите немного улучшить антискользящие свойства обуви, то подойдет вариант с клеем и содой. Вариант эстетически более пригоден, так как практически незаметно никаких внешних изменений. По мере стирания соды процедуру нанесения повторить и пользоваться дальше. Если ставить задачи как можно меньше скользить и не важно как это будет выглядеть, то подойдет вариант с наждачкой А теперь хочу попробовать изготовить вариант супер не скользящий Для этого возьму фанеру и начерчу на ней контуры обуви"
whisper-large-v3,multivariant-v2-custom,none,83,elapsed_time,10.041954278945923
whisper-large-v3,multivariant-v2-custom,none,86,text," Блин, я не знаю, слишком много на меня ответственности. У меня паранойя, я боюсь выйти на улицу, потому что я боюсь, что я потеряю камни чудес. Это катастрофа. Ладно, скорее всего, у меня просто паранойя. Но если дражник доберется до моей шкатулки, это будет настоящая катастрофа. Надеюсь, я не сделаю ошибку большую. Я боюсь, мне страшно. нора стану клевером будет легче клев распустить лепестки астры улучшаюсь тук-тук-тук-тук-тук парнишка а а ой не просто дает починишь там потом меня к тебе срочной миссии меня тебе очень срочной миссии это камень чудес черного кота дарующие силы разрешения использовала благо ты будешь владельцем кота чудес пока мы не разберемся с бражником у тебя будет два это конечно я снова с курсе но будь в курсе нельзя чтобы люди знали то что ты то что ты и то что ты и собака что черный кот и собака это один и тот же человек вы должны быть двое разными ты должен использовать когда-то бы собакой и когда-то не быть собакой чаще всего ты должен появляться как кот и у меня все и еще появится новый мистер бак или но внук но владелец сережку леди бакути вкусе да получается ты ладно такс а я тут найду эту девочку работа это магазин украина привет как тебя зовут а вика вика я дарю тебе теннис талисманов это и к приснись это камень через люди бога"
whisper-large-v3,multivariant-v2-custom,none,86,elapsed_time,10.635884761810303
whisper-large-v3,multivariant-v2-custom,none,25,text," Всем привет! Вы на канале «Как заработать в интернете». Сегодня у меня на обзоре кран Solana. На этом кране можно зарабатывать криптовалюту Solana. Есть подобный кран, на котором можно зарабатывать TRX. Я думаю, это один и тот же админ. С данного крана я выводил уже почти 19 TRX месяц назад. И если мы посмотрим по посещаемости, работает он 2 месяца и посещаемость за последний месяц 1,5 миллиона людей заходило на данный сайт. Это копия того же сайта, который я вам только что показал. Здесь при регистрации нам дают 10 бонусных сборов. И также мы целый день можем собирать удвоенную прибыль, заходя на данный сайт Кран 1 раз в час. и нам будет выпадать не 5000 салона, а 10000, и вот бонусные сборы здесь есть здесь не капча, ничего, x24 нам дают это на 24 часа и вот она прибыль идет 10 раз мы можем так собрать если мы посмотрим выводы денег с данного сайта вот здесь есть доказательства здесь вот люди выводят все классно, кран платит можно это все проверить перейдя по ссылке также в данном кране есть партнерская программа вы будете зарабатывать 5% от сбора с крана вашим другом и 0,4% будете зарабатывать играя в игры также здесь можно повысить уровень например до айрон или же бронзу чтобы его повысить. Здесь все условия расписаны на данном сайте. Кому данный экран интересен, ссылку я оставлю в описании. Переходите, регистрируйтесь и зарабатывайте деньги без вложений."
whisper-large-v3,multivariant-v2-custom,none,25,elapsed_time,11.640517473220825
whisper-large-v3,multivariant-v2-custom,none,16,text," Привет от команды Surferner. В этом видео мы расскажем о сервисе реклама в браузерах и как с помощью него вы можете получать клиентов. Мы покажем как это работает, расскажем о возможностях сервиса и наглядно покажем как добавить и настроить рекламу. Если вы зарабатываете в интернете, то вам нужны клиенты и чем больше, тем лучше. Все знают, как нелегко их найти. Прямо сейчас мы перевернем ваш взгляд на эту проблему и расскажем о том, как легко и быстро получать сотни клиентов в ваш бизнес и делать это ежедневно. Совсем недавно мы сами были на вашем месте и искали бизнес-партнеров, рефералов, покупателей, подписчиков, испытывая при этом те же самые неудобства. Факт в том, что люди ненавидят любую рекламу, а любое наше предложение, как бы мы ни изощрялись, Это так или иначе реклама, и люди это чувствуют. Если попытаться уйти от этой проблемы и воспользоваться услугами рекламных сетей, то мы сталкиваемся с еще большими неудобствами. Это очень дорого, часто ваши объявления не проходят модерацию, а в сложном интерфейсе просто невозможно иногда бывает разобраться. Нам удалось найти решение, мы создали сервис Surferner, способный за несколько минут гарантированно донести любое рекламное сообщение до тысяч потенциальных клиентов. При этом они будут ждать вашу рекламу и будут рады ее видеть. Они могут сразу совершить покупку, стать вашим бизнес-партнером, рефералом, подписчиком, прийти на ваш вебинар, в общем все что угодно. А на создание и отправку такого рекламного сообщения у вас уйдет всего несколько минут. Реклама демонстрируется через специальное расширение, установленное в браузер, и показывается на всех сайтах, которые посещает пользователь. К нам ежедневно присоединяются сотни новых пользователей, которые сами устанавливают расширение Surferner в свои браузеры. Эти люди будут рады видеть вашу рекламу, ведь за каждый показ рекламного объявления они получают деньги. Просмотр рекламы у них ассоциируется с получением прибыли, с радостью, и это действительно настоящая магия. Наша аудитория – это сотни тысяч активных пользователей интернета."
whisper-large-v3,multivariant-v2-custom,none,16,elapsed_time,14.544492244720459
whisper-large-v3,multivariant-v2-custom,none,11,text," Многие ожидают от Лос-Анджелеса Крипперс, если не победы в чемпионате, то по крайней мере очень хороших, высоких результатов. Это связано с тем, что, во-первых, Док Риверс пригласил в свою команду несколько довольно именитых специалистов к себе в помощники. Во-вторых, он принял бразды правления клубом в свои руки. И в-третьих, в этой команде по-прежнему играет лучший разыгрывающий ассоциации Крис Пол. В этой команде играет один из самых сильных тяжелых форвардов, который по-прежнему прогрессирует, Блэйк Гриффин. У основного центрового этой команды Деандре Джордана контрактный год. и он просто обязан провести его на высшем уровне. В Клиперс играет лучший запасной лиги Джамал Кроуфорд и несколько довольно крепких ролевиков. Мы ждем от Клиперса какого-то рывка, но пока его нет. Пока команда буксует, пока Дог Риверс нервничает, не может понять, что не так Какие-то отрезки матчей Клиперс проводит на высоком уровне Потом лидеры команды уходят в тень, где-то пропадают Начинаются потери, промахи и средние с дальней дистанции И как следствие проигранные матчи На данный момент игра Clippers оставляет противоречивое впечатление И явно старт сезона им не удался И специалисты ожидали от этой команды чего-то большего"
whisper-large-v3,multivariant-v2-custom,none,11,elapsed_time,10.300453662872314
whisper-large-v3,multivariant-v2-custom,none,10,text," Всем привет! Когда ты купил новую лодку и тебе не терпится ее опробовать? 99% людей никогда бы не уронили свой телефон в канализацию, едя на погрузчике. Но всегда остается именно тот 1%. Когда ты сидишь на диете уже несколько часов и не можешь устоять перед соблазном. Я думал, что такое можно увидеть только в мультфильмах про Тома и Джерри Похоже, что рыбы запомнят этого парня как своего спасителя. Я надеюсь, что этот парень посмотрит это видео и узнает, в чем кроется мистика."
whisper-large-v3,multivariant-v2-custom,none,10,elapsed_time,4.56264591217041
whisper-large-v3,multivariant-v2-custom,none,19,text," Тема рекомендации по организации самостоятельной учебной деятельности. Обучение в ВУЗе – это аудиторная работа в ВУЗе по расписанию занятий и внеаудиторная самостоятельная работа. Изучение курса ведется в следующих формах. В аудиторных лекционных занятиях во время лекции студенты осуществляют конспектирование материала. В практических занятиях, на которых конкретизируются и развиваются темы лекционных занятий, проведение которых предусмотрено в разных формах, а также в форме самостоятельной работы. Основные виды систематизированы записи прочитанного материала. Анотирование – предельно краткое связанное описание просмотренной или прочитанной книги, ее содержания, источников, характера и назначения. Планирование – краткая логическая организация текста, раскрывающая содержание и структуру изучаемого материала. Тезирование – лаконичное воспроизведение основных утверждений автора без привлечения фактического материала. Цитирование – дословное выписывание из текста выдержек извлечений, наиболее существенно отражающих ту или иную мысль автора. Конспектирование – краткое и последовательное изложение содержания прочитанного. Методические рекомендации по составлению конспекта Внимательно прочитайте текст Уточните в справочной литературе непонятные слова При записи не забудьте вынести справочные данные на поля конспекта Выделите главное, составьте план Кратко сформулируйте основные положения текста Отметьте аргументацию автора Законспектируйте материал, четко следуя пунктам плана."
whisper-large-v3,multivariant-v2-custom,none,19,elapsed_time,11.920092344284058
whisper-large-v3,multivariant-v2-custom,none,8,text," Что будет, если отрезать кошке усы? Представить себе кота без усов просто невозможно. Но что будет, если их отрезать, и какую функцию они исполняют в жизнедеятельности животного? Для того, чтобы разобраться в последствиях этого действия, стоит уяснить, для чего они вообще нужны коту. Как оказалось, усы помогают не только определить в пространстве свое месторасположение, но также есть дополнительным органом обоняния. С их помощью животное может запросто исследовать предмет, даже не прикасаясь к нему, а также слышать шорохи, что помогает ориентироваться в пространстве, находясь даже в полной темноте. Также они помогают чувствовать самые незначительные изменения температуры в комнате или на улице. Очевидно, что потеряв таких ценных помощников, кот станет не приспособлен к окружающей среде. Например, в темное время суток представители семейства кошачьих становятся совершенно дезориентированы в пространстве. Кот может застрять, не рассчитав своих размеров или неправильно ценив расстояние, совершить неточный прыжок. Случается и такое, что у кота выпадают усы сами по себе, что обусловлено авитаминозом. В этом случае обязательно стоит пересмотреть рацион домашнего животного, а также посетить ветеринарного врача, который пропишет нужные витаминные комплексы для восстановления здоровья питомца. Ломающиеся усы у котенка не должны вызывать большого опасения, ведь такой растущий организм требует специального питания. Добавив ложку растительного масла в кашу, небольшое количество творога на ночь и немножко молока с утра, состояние усов и шерсти в целом должно улучшиться. Очевидно, что кот без усов, как человек, лишенный руки глаз, потому ни в коем случае нельзя лишать животного такого жизненно важного для него тактильного устройства. Указывая надлежащую заботу домашнему животному, его здоровье будет в отличной форме. Любите братьев наших меньших, и они проявят свою любовь в ответ. Подписался на канал и ответ обосновал"
whisper-large-v3,multivariant-v2-custom,none,8,elapsed_time,13.483829736709595
whisper-large-v3,multivariant-v2-custom,none,91,text," Сравнительно недавно со словами уксус сладок на халяву я себе скачал на консоль Dirt 5. Чужое. Халява. Взять-взять. И тут началось мое веселое, но недолгое путешествие по миру аркадных увеселительных йоба-гоночек. Скажу сразу, эту бы физику да в игры серии NFS. Нет. Или в игры серии Crew. Нет. Ну или наоборот, сюда бы возможность тюнинга и большой открытый мир на современный лад, то игра бы затмила все современные аркады. Но увы, это сессионная аркадная гонялка по определенным трассам, и это главная проблема игры Dirt 5. Но давайте по порядку. Вы на канале Малой, а я Витяй, и мы снова с вами обсуждаем очередные йоба-гоночки. И именно эти ёбагоночки, к сожалению, мне попались на халяву для версии PlayStation 4, поэтому максимально раскачанной графики я, к сожалению, не увидел и не прочувствовал прорывного геймпада, как заявляли некоторые обзорщики. Но несмотря на это, разработчики постарались сделать игру максимально красочной и пестрой, местами граничащей с мультяшностью, но не переходя рамок дозволенного. Таким образом, прекрасно нарисованные 10 довольно разных локаций, на которых расположены в общей сложности 81 также симпатичный трек. На первый взгляд, все выглядит привлекательно. Грязь, летящая из-под колес и оседающая на кузовне машина, Погодные эффекты, которые меняются прямо во время гонки, из которых меня больше всего порадовала песчаная буря и снежный буран. Даже на версии PlayStation 4 это выглядит весьма недурно, я вам скажу, друзья мои. Прекрасный нелинейный ландшафт, довольно большие перепады высот на треках вместе с трамплинами, очень аутентичные ледовые треки и немного асфальтовых дорог. И несколько площадок для Джимханы. Все вроде как на первый взгляд подкупает. На каждой трассе есть различные статичные и динамичные декорации в виде всяких лазерных шоу, летающих самолетов, дымоперделок, огнерыгалок, но при этом всем великолепии."
whisper-large-v3,multivariant-v2-custom,none,91,elapsed_time,15.111702680587769
whisper-large-v3,multivariant-v2-custom,none,9,text," Туризм в Таджикистане – это привлекательный вариант отдыха для любителей ярких ощущений, альпинистов и велосипедистов, для любителей персидской культуры и древней истории. Благодаря отличному климату, где около 250 солнечных дней в году, а также искренне гостеприимному народу, не надо искать дополнительные причины, чтобы поехать в Таджикистан, а уже начать планировать поездку. Для тех, кто ограничен по времени и может провести в Таджикистане всего один или два дня, также есть отличные варианты для коротких однодневных путешествий по стране и столице, или же для экскурсии в самом Душанбе. Среди однодневных туров в Таджикистане самыми популярными являются поездки в Арзобское ущелье или на озеро Эскандерпуль. Вместе с этим можно отправляться на однодневные экскурсии в Таджикистан из Узбекистана, Пенджикент и на Семь озер из Самарканда или в Худжанд из Ташкента. Туризм в Таджикистане постоянно развивается и уже сегодня очень удобно отправиться в эту маленькую очаровательную страну, погрузиться в мир гор, уникальной культуры и древней самобытной истории. Сейчас самое подходящее время для путешествия по стране. Душанба уже не первый год привлекает все больше иностранных туристов. А все потому, что здесь из года в год улучшаются условия жизни, развивается инфраструктура, строятся тысячи объектов различного назначения. Мы приехали из России продлить себе лето. Нас пригласили друзья в солнечное Духанбе. Очень приятные здесь люди, приветливые. И вот это первое, что мы заметили, что все люди очень отбивчивые и гостеприимные. Честно, это спонтанное путешествие. Нас пригласили друзья, они сами из Душанбе. И мы как-то долго отплатили этот отпуск."
whisper-large-v3,multivariant-v2-custom,none,9,elapsed_time,12.705040216445923
whisper-large-v3,multivariant-v2-custom,none,90,text," Здравствуйте, дорогие друзья! С вами Юлия Ермак, эксперт по здоровью детей. И сегодня я хочу с вами поговорить на тему ангин. Если у вашего ребенка или у вас ангина – это самый лучший друг, то есть вам достаточно выпить холодной воды, и ребенок тут же заболевает ангиной, то есть горло – это ваше слабое место, то вы точно попали в нужное время в нужное место. Почему? Потому что именно сегодня мы говорим, как помочь ребенку, чтобы сократить все-таки болезни ангиной, сократить болезни ребенка и облегчить его жизнь, то есть доставить ему здоровое счастливое детство. Более подробно я говорю на курсе «Алгоритм воспитания здоровых детей», который легендарный курс, который улучшает здоровье детей в 3, 4, 5, 6 раз за ближайшие 3-6 месяцев. Поэтому я с уверенностью говорю о том, что вы попали в нужное время, в нужное место. Сегодня мы говорим об ангине и как помочь ребенку в период ремиссии, как закалить горлышко, чтобы для него холодное мороженое или холодная вода не становились трагедией и поводом для излечения антибиотиками. Так вот, первое, что необходимо сделать, это научиться дружить с холодным. Наверняка дети, у которых постоянные часто ангины, и мама с самого рождения все грела. То есть ребенок не знаком с холодным. Как правило, это начинается с самого-самого раннего детства. То есть мама закрывала окошечко, чтобы ребенка не сдуло, не продуло, не просквозило. Одевала самые лучшие теплые шарфики, варежки. Закрывала рот на холоде, на морозе. Одевала самые теплые носочки. И естественно, ребенок растет в тепличных условиях. И для того, чтобы этот замкнутый круг тепличных условий все-таки разомкнуть, потому что так или иначе ваш ребенок столкнется в жизни с тем, что познакомится с холодной водой, с холодными ногами, промокшими ногами, попадет под дождь или будет ехать в автобусе и будет открыта форточка, пойдет в детский сад."
whisper-large-v3,multivariant-v2-custom,none,90,elapsed_time,13.936721324920654
whisper-large-v3,multivariant-v2-custom,none,44,text," Друзья, с вами, как всегда, старичок тех-шоу. Дрели-шуруповёрт — это дуэт, ну просто незаменим. Сегодня я постараюсь взорвать ваш мозг. Как я собираюсь это сделать? Всё предельно просто. Я подготовил подборку насадок соли для дрели и шуруповёрта, которые станут для вас мастхевом. Да уж, друзья, честно сказать, я вам завидую. Почему? Скажете вы. Ха, да потому что у вас есть возможность получить от тех-шоу очень крутой приз. Это 3D-принтер. Да-да, я очень добр. Чтобы его получить, досмотрите видео до конца. Напомню, в конце ролика результаты предыдущего конкурса. Ну что, как говорит Дима Гордей, наливайте чаёху и погнали. И начнём мы, пожалуй, не с самых экстравагантных, но в то же время абсолютно незаменимых аксессуаров. Это адаптер торцевой головки для шуруповёрта, которые позволяют вам крутить не только шурупы и саморезы, но и болты и гайки. Я нашёл два варианта таких наборов. В первом имеется 9 адаптеров под диаметр от 6 до 14 миллиметров. Тут все просто, с одной стороны бита под шуруповерт, с другой торцевая головка. А вот второй набор, на мой взгляд, более универсален. Он включает в себя три адаптера для съемных головок, которые можно купить или отдельным набором взять из наборов с инструментами, в которых они зачастую встречаются. Таким образом диапазон применения значительно расширяется. Эти три адаптера подходят под самые популярные присоединительные квадраты, изготовленные из стали с добавлением хрома и ванадия. С таким адаптером вы забудете о том, что значит крутить болты вручную. Далее идет очень интересная и практичная насадка на дрель для резки тонколистового металла. Этот девайс позволяет вам совершать фигурную резку листов толщиной 2 мм в зависимости от материала. Подходит под электроинструмент с частотой вращения от 1500 до 3000 оборотов в минуту. Просто одеваете и режете. Проще некуда. Лично мне такая насадка пригодится. Надо бы заказать. Еще из опыта использования могу посоветовать, что металлическую стружку лучше собирать сразу магнитом, потому что ее много и она с острыми краями. Такс этот товар также незаменим. Это кольцевое сверло в простонародье балерина. С его помощью можно делать отверстия от 30 до 120 миллиметров. Я думаю, тут уже все любители больших диаметров будут довольны. Если серьезно, метод"
whisper-large-v3,multivariant-v2-custom,none,44,elapsed_time,17.408331871032715
whisper-large-v3,multivariant-v2-custom,none,72,text," Специалист по реабилитации в социальной сфере – это, прежде всего, новая специальность, которая, с моей точки зрения, востребована в нашем обществе, поскольку никто не застрахован от того, что попадет в какую-то ситуацию, в которой он окажется абсолютно дезадаптированным. Это могут быть разные ситуации. Это могут быть ситуации, связанные с потерей здоровья, это могут быть ситуации, связанные с потерей места работы, и вообще трудной жизненной ситуации. Это могут быть ситуации, связанные, например, с переездом в другую страну, потому что человек вообще полностью теряет ориентиры, не знает, как ему адаптироваться. То есть, ну вот, основной, так сказать, человек или клиент, да, с которым работает такой специалист, это человек, который дезадаптирован в обществе. Основные сферы деятельности специалиста – это социальная защита населения, социальное обслуживание, Пенитенциарная система, то есть система исполнения уголовных наказаний. Сфера труда и занятости. Здравоохранение и образование. В перечень его основных обязанностей входят диагностика и оценка психосоциального статуса клиента, составление плана его реабилитации, консультирование, мониторинг и оценка результатов реабилитации, планирование и организация деятельности по развитию реабилитационных услуг, Проведение обучающих тренингов для специалистов учреждений социальной сферы. Консультирование и супервизия деятельности специалистов. Введение соответствующей документации. Вообще реабилитация, это, конечно, медицинский термин. И здесь мы говорим не о медицинской реабилитации, мы говорим с вами о социальной реабилитации. Поэтому, конечно же, здесь целый комплекс должен быть работы и привлечения различных специалистов, которые человека вводят назад в общество. То есть человека исключили из общества или он инклюзирован и человека включают. То есть возникает такая ситуация инклюзии человека."
whisper-large-v3,multivariant-v2-custom,none,72,elapsed_time,13.289448976516724
gigaam3-rnnt-vad,multivariant-v2-custom,none,27,text,здорово чуваки на связи как обычно антон ну что время пострелять между нами пальба ой да ладно вам конечно вы не ошиблись каналом и это не выпуск шоу голос а очередная крутейшая подборка топовых пушек лего я такие модели вам сегодня покажу что вы просто офигеете не хочу спойлерить но если вы досмотрите этот ролик до конца то увидите в нем балдежный пистолет из киберпанка пуху из кс и еще много всего интересного так что скорее хватайте что нибудь похрустеть не забывайте про конкурс в конце видео на тысячу рублей и выезжаем и начну я ребятки с потрясного пистолета из игры вульфенштейн он был сделан под золото с красивой деревянной ручкой у пестика хоть это и лего моделька красиво проработаны все элементы включая даже ручку вон какой клевый узор у нее сбоку оружие является декоративным да с ним можно было бы побегать по улице и пострелять в друзей но блин лично мне такого красавца вообще не хочется подвергать никаким испытаниям пускай стоит себе на подставке и радует своего создателя каждый день следующей на очереди будет копия одного из самых распространенных многозарядных ружий которое впервые было выпущено в далеком тысяча девятьсот шестьдесят первом году я сейчас говорю про мосберг пятьсот в наше время он выпускается в различных модификациях предназначенных как для охоты так и для полиции охранников и даже самообороны честно признаться не уверен какая именно модель попалась нам в качестве лего но определенно она получилась на славу я посмотрел на картинки настоящей пушки потом на нашу и понял что отличить ее при правильной подаче освещении будет практически нереально к тому же все элементы здесь запросто вытаскиваются перезаряжаются меняются и так далее а теперь я покажу вам такое что реально поразит каждого фаната вселенной марвел эта вещица была полностью вручную собрана из разных деталек лего а ее вес вышел на два с половиной килограмма встречайте настоящая рука железного человека блин я и подумать не мог что лего приколюхи и до такого дойдут вы только зацените она ведь реально может двигаться то есть не сковывать ваши движения с такой игрушкой наверное можно создать изумительный касплей на всего персонажа и удивлять каждого прохожего идея создать подобный инструмент действительно оригинальная
gigaam3-rnnt-vad,multivariant-v2-custom,none,27,elapsed_time,3.5338151454925537
gigaam3-rnnt-vad,multivariant-v2-custom,none,20,text,здравствуйте меня зовут вячеслав моносков а вы на канале коллегии адвокатов здесь мы рассказываем об изменениях в законодательстве судебной практике и свое мнение относительно событий правовой тематики ситуация с распространением коронавирусной инфекции продолжает развиваться количество зараженных растет а власти пытаются сдерживать этот процесс вводя различные ограничительные меры при этом сложилась крайне опасная ситуация в исправительных учреждениях и следственных изоляторах по определению в указанных заведениях невозможно обеспечить необходимый уровень мероприятий по сдерживанию распространения  девятнадцать игнорирование данной проблемы может повлечь не только массовые вспышки заболеваний среди заключенных и следственно арестованных но и различные формы недовольства среди них одним из решений назревшей а возможно уже и перезревшей проблемы может быть широкая амнистия в связи с семидесятипятилетием победы об этом я неоднократно говорил в своих видео приводил позицию различных общественных организаций предлагал подписать соответствующую петицию новой газеты и требование партии яблоко однако несмотря на сложившуюся обстановку представители властных органов либо отмалчиваются либо делают заявления противоречащие здравому смыслу так на днях глава комитета государственной думы по законодательству павел крашенинников заявил что амнистии к семидесятипятилетию победы в великой отечественной войне не будет якобы в думе нет проработанных текстов а амнистия не может объявляться под копирку якобы люди не должны надеяться на амнистию совершая преступления всем понятно что государственные деятели давно оторвались от жизненных реалий и витают в облаках своей значимости остается надеяться что люди действительно принимающие решения не разделяют абсурдности взглядов господина крашенинникова что же касается отсутствия проработанных законопроектов то такое заявление не менее надумано чем предыдущее государственная дума которой не место для дискуссий в кратчайшие сроки принимала и значительно более сложные законопроекты иногда такой процесс
gigaam3-rnnt-vad,multivariant-v2-custom,none,20,elapsed_time,3.45646071434021
gigaam3-rnnt-vad,multivariant-v2-custom,none,13,text,здравствуйте уважаемые зрители и слушатели предлагаю вам гороскоп на неделю с восемнадцатого по двадцать четвертое апреля две тысячи двадцать второго года подписывайтесь ставьте колокольчик если зашли впервые также приглашаю вас в мой фейсбук инстаграм и телеграм ссылки на социальные сети контакты для записи на консультации по вопросам обучения на главной странице канала и в закрепленном комментарии неделя начинается с напряжения солнца с плутоном поэтому для серьезных дел встреч с влиятельными людьми понедельник восемнадцатое апреля неблагоприятен день достаточно сложный чтобы добиться успеха проникнуть в суть вещей повернуть ход ситуации в свою пользу требуется сила воли выносливость и упорство а эти качества есть далеко не у всех не раскрывайте свои планы но и не злоупотребляйте доверием главное событие недели ингрессия солнца в знак тельца двадцатого апреля в пять утра двадцать пять минут с этого дня фон событий резко меняется в ближайший месяц люди становятся рассудительнее спокойнее реагируют на все что происходит вокруг начинается период финансовой стабилизации в социально экономическом секторе наблюдается прогресс двадцать четвертого апреля напряжение меркурий сатурн техника ломается допускаются ошибки открытые конфронтации необдуманные поступки и нарушения концентрации внимания препятствуют созданию стратегического плана достижения целей информация идеи и методы могут показаться интересными и ценными но попытки применить их окажутся неудачными или будут прекращены из за каких либо ограничений далее по лунным дням понедельник восемнадцатое апреля убывающая луна в скорпионе соединяется с южным узлом поднимает кармические темы многие почувствуют сильное влияние рода на свою жизнь для всех из нас жизнь складывается из кармы отношений с родителями опыта настоящей жизни и родовых программ у кого то последние проявлены явно кто то может
gigaam3-rnnt-vad,multivariant-v2-custom,none,13,elapsed_time,3.3551111221313477
gigaam3-rnnt-vad,multivariant-v2-custom,none,70,text,кошелек экспедишн модель не помню спартан по моему сделана в тайване кошельку уже пять лет здесь одно отделение под липучкой и два открытых отделения одно для мелких денег другое под липучкой для более крупных и есть еще отделение вот оно глубокое до самого конца доходит здесь кошелька здесь два кармашка для разной мелочевки там чеки визитки здесь инструкция от ножа здесь под липучкой переходник монетка которую прислали китайцы и переходник для сим карты здесь карточки карточки и пропуск функциональное отделение ничего не потерлось кивуар хороший вот сделан добротно ни разу не стирал надо будет его как то отдать в химчистку липучки за пять лет вообще в идеальном состоянии пользуюсь каждый день им практически ничего не растянулось
gigaam3-rnnt-vad,multivariant-v2-custom,none,70,elapsed_time,2.13140606880188
gigaam3-rnnt-vad,multivariant-v2-custom,none,5,text,обычно мы без особой охоты ходим к гинекологу разве что когда выхода нет а на приеме вроде как и хотели бы задать какие то вопросы но стесняемся сегодня разберемся в четырех из них какая продолжительность менструального цикла является нормой почему то бытует мнение что цикл длится двадцать шесть двадцать восемь дней а все отклонения от этих сроков нарушение нормы главный показатель что с вашей репродуктивной системой все в порядке не длительность цикла а его регулярность то есть от начала менструации до начала следующей проходит примерно одинаковое количество суток плюс минус один три дня в норме промежуток между месячными составляет от двадцати одного до тридцати пяти суток с допуском в один три дня не является отклонением от нормы однократные пропуски одного цикла но не систематические задержки если продолжительность цикла имеет выраженные колебания к примеру двадцать один тридцать пять двадцать четыре сорок два двадцать три дня это уже не норма пора идти к гинекологу обычно объем менструации составляет около восьмидесяти миллилитров но иногда месячные с самого начала бывают обильными без какой либо причины и в этом случае важно изменение именно обильности менструации если до какого то момента выделения были умеренные а потом внезапно стали обильными это тоже повод обратиться к врачу если менструации были обильными а потом стали умеренными поищите причину в своем режиме возможно вы стали иначе питаться похудели стали заниматься спортом или пережили стресс регулярность половой жизни и даже смена климата также могут повлиять на интенсивность выделения а влияет ли переохлаждение на женский организм помните мама вам советовала не сидеть на холодном чтобы не застудить придатки наверняка вы наслушались этих советов подкрепленных вручением теплых штанов с начесом так вот просто от переохлаждения придатки воспалиться не могут потому что любое воспаление такого рода в девяносто процентов случаев вызывается заболеваниями передающимися половым путем
gigaam3-rnnt-vad,multivariant-v2-custom,none,5,elapsed_time,3.106334924697876
gigaam3-rnnt-vad,multivariant-v2-custom,none,75,text,мать расскажите пожалуйста каким образом найти предназначение в жизни как понять чем мы должны заниматься предназначение это очень важный аспект и большинство людей ищут его во внешнем мире если мы говорим о йоге вообще вся наша задача сейчас раскрыть что есть путь да человеческой жизни что есть путь вообще человека в человеческой жизни мы ведь пришли сюда из других миров проще говоря да и соответственно для чего мы пришли зачем мы вообще здесь родились с какой целью эта душа обрела дживу с какой целью эта атма стала дживатмой это вот это и есть предназначение но наше эго система в которой мы находимся практически переключают это высокое знание и делают его более примитивным и говорят что предназначение в жизни это быть врачом быть музыкантом быть еще кем то по сути люди забывают что они сразу являются всем каждый ребенок который рождается он рождается с определенными качествами он может быть целителем потому что его каналы чистые если он их потом не засорит он может быть искусным художником поэтом музыкантом действительно может быть всем потому что он бог потому что в нас есть все качества и мое глубокое понимание этого вопроса предназначение человека раскрыть в себе божественность для чего для того чтобы одухотворить материальную природу для того чтобы то где мы находимся стало божественным и вот таким образом творец допознает себя через каждого из нас это высочайшее предназначение это цель жизни понять кто мы на самом деле сатия баба говорил о том что есть три вопроса откуда мы пришли кто мы сейчас и куда уйдем потом
gigaam3-rnnt-vad,multivariant-v2-custom,none,75,elapsed_time,2.4471864700317383
gigaam3-rnnt-vad,multivariant-v2-custom,none,68,text,привет в этом видео я расскажу о том как будет проходить консультация на которой мы разберем вашу ситуацию что мы будем делать чего не будем делать и для чего она нужна я могу с твердой уверенностью сказать что если вы готовы вкладывать силы и ресурсы для того чтобы изменить ситуацию в свою пользу она точно изменится все о том как вернуть мужчину дмитрий норман консультация начинается с разбора вашей истории вы мне рассказываете ее так как считаете нужным и говорите о том что по вашему мнению является самым важным часто уже на этом этапе можно понять и предположить в какую же сторону были перекосы в отношениях и что же на самом деле произошло дальше для получения дополнительной информации я буду уточнять все что необходимо для того чтобы диагностировать проблему понять с чего все началось пересмотреть как минимум последний год отношений и открыть вам глаза на происходящее в этот период часто женщина находясь в зависимости не замечает того что у нее происходит прямо под носом и отрицает очевидные вещи этот этап очень важный и занимает большую часть времени так как от правильной диагностики зависит и то какую стратегию мы с вами выберем более чем в восьмидесяти процентов случаев сама женщина неправильно воспринимает происходящее бывает такое что женщина приходит с запросом я абьюзер как мне вернуть мужчину но на самом деле оказывается она настолько унизилась в отношениях что при желании мужа уйти начала еще больше заниматься самобичеванием и имеет абсолютную уверенность что ей нужно стать еще лучше чтобы муж вернулся хотя это будет только ухудшать ее позиции бывает наоборот женщина была в сильной позиции в отношениях затюкала мужа он сбежал а она уверена что это он такой гад не оценил ее заботы и любви и что теперь нужно его игнорить по полной и угрожать разводом усиливая давление чтобы он осознал каким же был дураком
gigaam3-rnnt-vad,multivariant-v2-custom,none,68,elapsed_time,3.4507551193237305
gigaam3-rnnt-vad,multivariant-v2-custom,none,83,text,друзья всем привет у нас вернулась зима идет снег а я решил съездить в магазин для того чтобы купить деталек для изготовления простой и полезной магазин отменяется но ненадолго будем модернизировать обувь для первого варианта понадобится клей и что то сыпучее например сода или песок капаем на выступающие части протектора клей и посыпаем цыпучкой повторяем несколько раз получаются шероховатые бугорки для второго варианта возьмем наждачную бумагу я взял вот такую круглую клеем на наждачку двусторонний скотч лишнее обрезаем и далее клеим на подошву далее идем тестировать друзья по ощущениям меньше скользит наждачка но и с вариантом клея и соды тоже чувствуется что есть толк получается если хотите немного улучшить антискользящие свойства обуви то подойдет вариант с клеем и содой вариант эстетически более пригоден так как практически не заметно никаких внешних изменений по мере стирания соды процедуру нанесения повторить и пользоваться дальше если стоит задача как можно меньше скользить и неважно как это будет выглядеть то подойдет вариант с наждачкой а теперь хочу попробовать изготовить вариант супер нескользящий для этого возьму фанеру и начерчу на ней контуры обуви
gigaam3-rnnt-vad,multivariant-v2-custom,none,83,elapsed_time,2.243805170059204
gigaam3-rnnt-vad,multivariant-v2-custom,none,86,text,блин я не знаю слишком много на меня ответственности я у меня паранойя я боюсь выйти на улицу потому что я боюсь то что я потеряю камни чудес это катастрофа ладно скорее всего у меня просто паранойя но если бряж не доберется до моей шкатулки это будет это будет настоящая катастрофа надеюсь я не сделаю ошибку большую я боюсь мне страшно нора нет нора стану клевером будет легче клив распусти лепестки астроулучшающие тук тук тук тук тук парнишка а ой не брось сюда я тут починишь там потом да да починим конечно у меня к тебе срочная миссия у меня к тебе очень срочная миссия это камень чудес черного кота дарующий силой разрушения используй во благо ты будешь владельцем кота чудес пока мы не разберемся с бряжником у тебя будет два камня чудес в курсе но будь в курсе нельзя чтобы люди знали то что ты то что ты то что ты и собака что черный кот и собака это один и тот же человек вы должны быть двое разными ты должен использовать когда то быть собакой а когда то не быть собакой чаще всего ты должен появляться как кот понял меня да все и еще появится новый мистер бак или ну новый владелец сереж как леди баг будь в курсе серьезно да так получается ты ладно такс поеду пойду найду эту девочку она работает в магазине уклеина привет как дела теперь надо разобраться когти а как тебя зовут а вика вика я дарю тебе один из талисманов этот вика приснись это
gigaam3-rnnt-vad,multivariant-v2-custom,none,86,elapsed_time,2.312107801437378
gigaam3-rnnt-vad,multivariant-v2-custom,none,25,text,всем привет вы на канале заработать в интернете сегодня у меня на обзоре кран салана на этом кране можно зарабатывать криптовалюту салана есть подобный кран на котором можно зарабатывать трикс я думаю это один и тот же атмен с данного крана я выводил уже вот почти девятнадцать трикс месяц назад и если мы посмотрим по посещаемости работает он два месяца и посещаемость за последний месяц полтора миллиона людей заходило на данный сайт это копия того же сайта который я вам только что показал здесь при регистрации нам дают десять бонусных сборов и также мы целый день можем собирать удвоенную прибыль заходя на данный сайт кран один раз в час и нам будут выпадать не пять тысяч а десять тысяч и вот бонусные сборы здесь есть здесь не капче ничего икс двадцать четыре нам дают это на двадцать четыре часа и вот она прибыль идет десять раз мы можем так собрать если мы посмотрим выводы денег с данного сайта вот здесь есть доказательства здесь вот люди выводят все классно кран платит можно это все проверить перейдя по ссылке также в данном кране есть партнерская программа вы будете зарабатывать пять процентов от сбора крана вашим другом и ноль четыре процента будете зарабатывать играя в игры также здесь можно повысить уровень например до айрон или же бронзу чтобы его повысить здесь вот все условия расписаны на данном сайте кому данный экран интересен ссылку я оставлю в описании переходите регистрируйтесь и зарабатывайте деньги без вложений
gigaam3-rnnt-vad,multivariant-v2-custom,none,25,elapsed_time,2.3213422298431396
gigaam3-rnnt-vad,multivariant-v2-custom,none,16,text,привет от команды серфернер в этом видео мы расскажем о сервисе реклама в браузерах и как с помощью него вы можете получать клиентов мы покажем как это работает расскажем о возможностях сервиса и наглядно покажем как добавить и настроить рекламу если вы зарабатываете в интернете то вам нужны клиенты и чем больше тем лучше все знают как нелегко их найти прямо сейчас мы перевернем ваш взгляд на эту проблему и расскажем о том как легко и быстро получать сотни клиентов в ваш бизнес и делать это ежедневно совсем недавно мы сами были на вашем месте искали бизнес партнеров рефералов покупателей подписчиков испытывая при этом те же самые неудобства факт в том что люди ненавидят любую рекламу а любое наше предложение как бы мы не изощрялись это так или иначе реклама и люди это чувствуют если попытаться уйти от этой проблемы и воспользоваться услугами рекламных сетей то мы сталкиваемся с еще большими неудобствами это очень дорого часто ваши объявления не проходят модерацию а в сложном интерфейсе просто невозможно иногда бывает разобраться нам удалось найти решение мы создали сервис серфернер способный за несколько минут гарантированно донести любое рекламное сообщение до тысяч потенциальных клиентов при этом они будут ждать вашу рекламу и будут рады ее видеть они могут сразу совершить покупку стать вашим бизнес партнером рефералом подписчиком прийти на ваш вебинар в общем все что угодно а на создание и отправку такого рекламного сообщения у вас уйдет всего несколько минут реклама демонстрируется через специальное расширение установленное в браузер и показывается на всех сайтах которые посещает пользователь к нам ежедневно присоединяются сотни новых пользователей которые сами устанавливают расширения серфернер в свои браузеры эти люди будут рады видеть вашу рекламу ведь за каждый показ рекламного объявления они получают деньги просмотр рекламы у них ассоциируется с получением прибыли с радостью и это действительно настоящая магия наша аудитория это сотни тысяч активных пользователей интернета
gigaam3-rnnt-vad,multivariant-v2-custom,none,16,elapsed_time,2.9097487926483154
gigaam3-rnnt-vad,multivariant-v2-custom,none,11,text,многие ожидают от лос анджелес криперс если не победы в чемпионате то по крайней мере очень хороших высоких результатов это связано с тем что во первых док риверс пригласил в свою команду несколько довольно именитых специалистов к себе в помощники во вторых он принял бразды правления клубом в свои руки и в третьих в этой команде по прежнему играет лучший разыгрывающий ассоциации крис пол в этой команде играет один из самых сильных тяжелых форвардов который по прежнему прогрессирует блэк гриффин у основного центрового этой команды деандра джордана контрактный год и он просто обязан провести его на высшем уровне в клиперс играет лучше запасной лиги джамал кроуфорд и несколько довольно крепких ролевиков мы ждем от клиперса какого то рывка но пока его нет пока команда буксует пока докриверс нервничает не может понять что не так какие то отрезки матчей клиперс проводит на высоком уровне потом лидеры команды уходят в тень где то пропадают начинаются потери промахи и с средней с дальней дистанции и как следствие проигранные матчи на данный момент игра клиперс оставляет противоречивое впечатление и явно старт сезона им не удался и специалисты ожидали от этой команды чего то большего
gigaam3-rnnt-vad,multivariant-v2-custom,none,11,elapsed_time,2.1679799556732178
gigaam3-rnnt-vad,multivariant-v2-custom,none,10,text,всем привет когда ты купил новую лодку и тебе не терпится ее опробовать девяносто девять процентов людей никогда бы не уронили свой телефон в канализацию едя на погрузчике но всегда остается именно тот один процент когда ты сидишь на диете уже несколько часов и не можешь устоять перед соблазном я думал что такое можно увидеть только в мультфильмах про тома и джерри похоже что рыбы запомнят этого парня как своего спасителя я надеюсь что этот парень посмотрит это видео и узнает в чем кроется мистика
gigaam3-rnnt-vad,multivariant-v2-custom,none,10,elapsed_time,1.4932825565338135
gigaam3-rnnt-vad,multivariant-v2-custom,none,19,text,тема рекомендации по организации самостоятельной учебной деятельности обучение в вузе это аудиторная работа в вузе по расписанию занятий и внеаудиторная самостоятельная работа изучение курса ведется в следующих формах аудиторных лекционных занятий во время лекции студенты осуществляют конспектирование материала практических занятий на которых конкретизируются и развиваются темы лекционных занятий проведение которых предусмотрено в разных формах а также в форме самостоятельной работы основные виды систематизированной записи прочитанного материала аннотирование предельно краткое связное описание просмотренной или прочитанной книги ее содержания источников характера и назначения планирование краткая логическая организация текста раскрывающая содержание и структуру изучаемого материала тезирование лаконичное воспроизведение основных утверждений автора без привлечения фактического материала цитирование дословное выписывание из текста выдержек извлечений наиболее существенно отражающих ту или иную мысль автора конспектирование краткое и последовательное изложение содержания прочитанного методические рекомендации по составлению конспекта внимательно прочитайте текст уточните в справочной литературе непонятные слова при записи не забудьте вынести справочные данные на поля конспект выделите главное составьте план кратко сформулируйте основные положения текста отметьте аргументацию автора законспектируйте материал четко следуя пунктам плана
gigaam3-rnnt-vad,multivariant-v2-custom,none,19,elapsed_time,2.700124740600586
gigaam3-rnnt-vad,multivariant-v2-custom,none,8,text,что будет если отрезать кошке усы представить себе кота без усов просто невозможно но что будет если их отрезать и какую функцию они исполняют в жизнедеятельности животного для того чтобы разобраться в последствиях этого действия стоит уяснить для чего они вообще нужны коту как оказалось усы помогают не только определить в пространстве свое месторасположение но также есть дополнительным органам обоняния с их помощью животное может запросто исследовать предмет даже не прикасаясь к нему а также слышать шорохи что помогает ориентироваться в пространстве находясь даже в полной темноте также они помогают чувствовать самое незначительное изменение температуры в комнате или на улице очевидно что потеряв таких ценных помощников кот станет неприспособленным к окружающей среде например в темное время суток представители семейства кошачьих становятся совершенно дезориентированы в пространстве кот может застрять не рассчитав своих размеров или неправильно оценив расстояние совершить неточный прыжок случается и такое что у кота выпадают усы сами по себе что обусловлено авитаминозом в этом случае обязательно стоит пересмотреть рацион домашнего животного а также посетить ветеринарного врача которые пропишет нужные витаминные комплексы для восстановление здоровья питомца ломающиеся усы у котенка не должны вызывать большого опасения ведь такой растущий организм требует специального питания добавив ложку растительного масла в кашу небольшое количество творога на ночь и немножко молока с утра состояние усов и шерсти в целом должно улучшиться очевидно что кот без усов как человек лишенный рук и глаз потому ни в коем случае нельзя лишать животного такого жизненно важного для него тактильного устройства указывая надлежащую заботу домашнему животному его здоровье будет в отличной форме любите братьев наших меньших и они проявят свою любовь в ответ подписался на канал и ответ обосновал
gigaam3-rnnt-vad,multivariant-v2-custom,none,8,elapsed_time,2.019634485244751
gigaam3-rnnt-vad,multivariant-v2-custom,none,91,text,сравнительно недавно со словами уксус сладок на халяву я себе скачал на консоль дирт пять чужое халява взять взять и тут началось мое веселое но недолгое путешествие по миру аркадных увеселительных йобогоночек скажу сразу эту бы физику да в игры серии нфс нет или в игры серии крю нет ну или наоборот сюда бы возможность тюнинга и большой открытый мир на современный лад то игра бы затмила все современные аркады но увы это сессионная аркадная гонялка по определенным трассам и это главная проблема игры дерд пять но давайте по порядку вы на канале малой а я витяй и мы снова с вами обсуждаем очередные еба гоночки и именно эти еба гоночки к сожалению мне попались на халяву для версии плейстейшен четыре поэтому максимально раскаченной графики я к сожалению не увидел и не прочувствовал прорывного геймпада как заявляли некоторые обзорщики но несмотря на это разработчики постарались сделать игру максимально красочной и пестрой местами граничащей с мультяшностью но не переходя рамок дозволенного таким образом прекрасно нарисованы десять довольно разных локаций на которых расположены в общей сложности восемьдесят один также симпатичный трек на первый взгляд все выглядит привлекательно грязь летящая из под колес и оседающая на кузовне машины погодные эффекты которые меняются прямо во время гонки и из за которых меня больше всего порадовала песчаная буря и снежный бура даже на версии плейстейшен четыре это выглядит весьма недурно я вам скажу друзья мои прекрасный нелинейный ландшафт довольно большие перепады высот на треках вместе с трамплинами очень аутентичные ледовые треки и немного асфальтовых дорог и несколько площадок для джимханы все вроде как на первый взгляд подкупает на каждой трассе есть различные статичные и динамичные декорации в виде всяких лазерных шоу летающих самолетов дымоперделок огнерыгалок но при этом всем великолепии
gigaam3-rnnt-vad,multivariant-v2-custom,none,91,elapsed_time,2.9526822566986084
gigaam3-rnnt-vad,multivariant-v2-custom,none,9,text,туризм в таджикистане это привлекательный вариант отдыха для любителей ярких ощущений альпинистов и велосипедистов для любителей персидской культуры и древней истории благодаря отличному климату где около двухсот пятидесяти солнечных дней в году а также искренне гостеприимному народу не надо искать дополнительной причины чтобы поехать в таджикистан а уже начать планировать поездку для тех кто ограничен во времени и может провести в таджикистане всего один или два дня также есть отличные варианты для коротких однодневных путешествий по стране и столице или же для экскурсии в самом душанбе среди однодневных туров в таджикистане самыми популярными являются поездки в арзовское ущелье или на озеро эскандерпуль вместе с этим можно отправляться на однодневные экскурсии в таджикистан из узбекистана в бенжикент и на семь озер из самарканда или в худжанд из ташкента туризм в таджикистане постоянно развивается и уже сегодня очень удобно отправиться в эту маленькую очаровательную страну погрузиться в мир гор уникальной культуры древней самобытной истории сейчас самое подходящее время для путешествия по стране душанбе уже не первый год привлекает все больше иностранных туристов а все потому что здесь из года в год улучшаются условия жизни развивается инфраструктура строятся тысячи объектов различного назначения мы приехали из россии продлить себе лето нас пригласили друзья солнечные духанбе очень приятные здесь люди приветливые и вот это первое что мы заметили что все люди очень отзывчивые и гостеприимные честно это спонтанное такое оказалось путешествие нас вот пригласили друзьями сами из душанбе и мы как то долго откладывали этот отпуск
gigaam3-rnnt-vad,multivariant-v2-custom,none,9,elapsed_time,2.6214377880096436
gigaam3-rnnt-vad,multivariant-v2-custom,none,90,text,здравствуйте дорогие друзья с вами юлия ермак эксперт по здоровью детей и сегодня я хочу с вами поговорить на тему ангин если у вашего ребенка или у вас ангина это самый лучший друг то есть вы вам достаточно выпить холодной воды и ребенок тут же заболевает ангиной то есть горло это ваше слабое место то вы точно попали в нужное время в нужное место почему потому что именно сегодня мы говорим как помочь ребенку чтобы сократить все таки болезни ангиной сократить болезни ребенка и облегчить его жизнь то есть доставить ему здоровое счастливое детство более подробно я говорю на курсе алгоритм воспитания здоровых детей который легендарный курс который улучшает здоровье детей в три четыре пять шесть раз за ближайшие три шесть месяцев поэтому я с уверенностью говорю о том что вы попали в нужное время в нужное место а сегодня мы говорим об ангине и как помочь ребенку в период ремиссии как закалить горлышко чтобы для него холодное мороженое или холодная вода не становились трагедией и поводом для излечения антибиотиками так вот первое то что необходимо сделать это научиться дружить с холодным наверняка дети которые у которых постоянные и частые ангины им мама с самого рождения все грела то есть ребенок не знаком с холодным как правило это начинается с самого самого раннего детства то есть мама закрывала окошечко чтоб ребенка не сдуло не продуло не просквозило одевала самые лучшие теплые шарфики варежки закрывала рот на холоде на морозе одевала самые теплые носочки и естественно ребенок растет в тепличных условиях и для того чтобы этот замкнутый круг тепличных условий все таки разомгнуть потому что так или иначе ваш ребенок столкнется в жизни с тем что познакомится с холодной водой с холодными ногами промокшими ногами попадет под дождь или будет ехать в автобусе и будет открыта форточка пойдет в детский сад
gigaam3-rnnt-vad,multivariant-v2-custom,none,90,elapsed_time,2.7203571796417236
gigaam3-rnnt-vad,multivariant-v2-custom,none,44,text,друзья с вами как всегда старичок тех шоу дрель и шуруповерт этот дуэт ну просто незаменим сегодня я постараюсь взорвать ваш мозг как я собираюсь это сделать все предельно просто я подготовил подборку насадок солей для дрелей и шуруповерта которые станут для вас мастхэвом да уж друзья честно сказать я вам завидую почему скажете вы ха да потому что у вас есть возможность получить от тех шоу очень крутой приз это три д принтер да да я очень добр чтобы его получить досмотрите видео до конца напомню в конце ролика результаты предыдущего конкурса ну что как говорит дима гордей наливайте чаеху и погнали и начнем мы пожалуй не с самых экстравагантных но в то же время абсолютно незаменимых аксессуаров это адаптер торцевые головки для шуруповерта которые позволяют вам крутить не только шурупы и саморезы но и болты и гайки я нашел два варианта таких наборов в первом имеется девять адаптеров под диаметр от шести до четырнадцати миллиметров тут все просто с одной стороны бита под шуруповерт с другой торцевая головка а вот второй набор на мой взгляд более универсален он включает в себя три адаптера для съемных головок которые можно купить или отдельным набором взять из наборов с инструментами в которых они зачастую встречаются таким образом диапазон применения значительно расширяется эти три адаптера подходят под самые популярные присоединительные квадраты изготовленные из стали с добавлением хрома и ванадия с таким адаптером вы забудете о том что значит крутить болты вручную далее идет очень интересная и практичная насадка на дрель для резки тонколистового металла этот девайс позволяет вам совершать фигурную резку листов толщиной два миллиметра в зависимости от материала подходит под электроинструмент с частотой вращения от полутора до трех тысяч оборотов в минуту просто одеваете и режете проще некуда лично мне такая насадка пригодится надо бы заказать еще из опыта использования могу посоветовать что металлическую стружку лучше собирать сразу магнитом потому что ее много и она с острыми краями такс этот товар также незаменим это кольцевое сверло в простонародье балерина с его помощью можно делать отверстия от тридцати до ста двадцати миллиметров я думаю тут уже все любители больших диаметров будут довольны если серьезно метод
gigaam3-rnnt-vad,multivariant-v2-custom,none,44,elapsed_time,2.544166088104248
gigaam3-rnnt-vad,multivariant-v2-custom,none,72,text,специалист по реабилитации в социальной сфере это прежде всего новая такое новая специальность которая с моей точки зрения востребована в нашем обществе поскольку никто не застрахован от того что попадет в какую то ситуацию в которой он оказывает окажется вообще абсолютно дезадаптированным это могут быть разные ситуации это могут ситуации быть связанные с потерей здоровья это могут быть ситуации связанные с потерей места работы и вообще трудной жизненной ситуации это могут быть ситуации связанные например с переездом в другую страну потому что человек вообще полностью теряет ориентир и не знает как ему адаптироваться то есть ну вот основной так сказать человек или клиент да с которым работает такой специалист это человек который дезадаптирован в обществе основные сферы деятельности специалиста это социальная защита населения социальное обслуживание пенитенциарная система то есть система исполнения уголовных наказаний сфера труда и занятости здравоохранение и образование в перечень его основных обязанностей входят диагностика и оценка психосоциального статуса клиента составление плана его реабилитации консультирование мониторинг и оценка результатов реабилитации планирование и организация деятельности по развитию реабилитационных услуг проведение обучающих тренингов для специалистов учреждений социальной сферы консультирование и супервизия деятельности специалистов введение соответствующей документации вообще реабилитация это конечно медицинский термин и здесь мы говорим не о медицинской реабилитации мы говорим с вами о социальной реабилитации поэтому конечно же здесь целый комплекс должен быть работы да и привлечение различных специалистов которые человека вводят назад в общество да то есть человека исключили из общества да или он инклюзирован да и человека включают да то есть возникает такая ситуация инклюзии человека
gigaam3-rnnt-vad,multivariant-v2-custom,none,72,elapsed_time,2.8401131629943848
gigaam2-ctc,multivariant-v2-custom,none,27,text,здорово чуваки на связи как обычно антон ну что время пострелять между нами пальба папа папа ой да ладно вам конечно вы не ошиблись каналом это не выпуск шоу голос очередная крутейшая подборка топовых пушек лего я такие модели вам сегодня покажу что вы просто офигеете не хочу спойлерить но если вы досмотрите этот ролик до конца то увидите в нем балдежный пистолет из киберпанка пуху из кс и еще много всего интересного так что скорее хватайте что нибудь похрустеть не забывайте про конкурс в конце видео на тысячу рублей и выезжаем и начну я ребятки с потрясного пистолета из игры вольфенштейн он был сделан под золото с красивой деревянной ручкой у пестика хоть это и лего моделька красиво проработаны все элементы включая даже ручку вон какой клевый узор у нее сбоку оружие является декоративным да с ним можно было бы побегать по улице и пострелять в друзей но блин лично мне такого красавца вообще не хочется подвергать никаким испытаниям пускай стоит себе на подставке и радует своего создателя каждый день следующей на очереди будет копия одного из самых распространенных многозарядных ружий которое впервые было выпущено в далеком тысяча девятьсот шестьдесят первом году я сейчас говорю про мосберг пятьсот в наше время он выпускается в различных модификациях предназначенных как для охоты так и для полиции охранников и даже самообороны честно признаться не уверен какая именно модель попалась нам в качестве лего но определенно она получилась на славу я посмотрел на картинки настоящей пушки потом на нашу и понял что отличить ее при правильной подаче и освещении будет практически нереально к тому же все элементы здесь запросто вытаскиваются перезаряжаются меняются и так далее а теперь я покажу вам такое что реально поразит каждого фаната вселенной марвел эта вещица была полностью вручную собрана из разных деталек лего а ее вес вышел на два с половиной килограмма встречайте настоящая рука железного человека блин я и подумать не мог что лего приколюхи и до такого дойдут вы только зацените она ведь реально может двигаться то есть не сковывать ваши движения с такой игрушкой наверное можно создать изумительный касплей на всего персонажа и удивлять каждого прохожего идея создать подобный инструмент действительно оригинальная
gigaam2-ctc,multivariant-v2-custom,none,27,elapsed_time,0.4306211471557617
gigaam2-ctc,multivariant-v2-custom,none,20,text,здравствуйте меня зовут вячеслав моноцков а вы на канале коллеги адвокатов здесь мы рассказываем об изменениях в законодательстве судебной практике и свое мнение относительно событий правовой тематики ситуация с распространением коронавирусной инфекции продолжает развиваться количество зараженных растет а власти пытаются сдерживать этот процесс вводя различные ограничительные меры при этом сложилась крайне опасная ситуация в исправительных учреждениях и следственных изоляторах по определению в указанных заведениях невозможно обеспечить необходимый уровень мероприятий по сдерживанию распространения ковид девятнадцать игнорирование данной проблемы может повлечь не только массовые вспышки заболеваний среди заключенных и следственно арестованных но и различные формы недовольства среди них одним из решений назревшей а возможно уже и перезревшей проблемы может быть широкая амнистия в связи с семидесяти пятилетием победы об этом я неоднократно говорил в своих видео приводил позицию различных общественных организаций предлагал подписать соответствующую петицию новой газеты и требования партии яблоко однако несмотря на сложившуюся обстановку представители властных органов либо отмалчиваются либо делают заявления противоречащие здравому смыслу так на днях глава комитета государственной думы по законодательству павел крашенинников заявил что амнистии к семидесяти пятилетию победы в великой отечественной войне не будет якобы в думе нет проработанных текстов а амнистия не может объявляться под копирку якобы люди не должны надеяться на амнистию совершая преступления всем понятно что государственные деятели давно оторвались от жизненных реалий и витают в облаках своей значимости остается надеяться что люди действительно принимающие решения не разделяют абсурдности взглядов господина крашененникова что же касается отсутствия проработанных законопроектов то такое заявление не менее надумано чем предыдущее государственная дума которая не место для дискуссий в кратчайшие сроки принимала и значительно более сложные законопроекты иногда такой процесс
gigaam2-ctc,multivariant-v2-custom,none,20,elapsed_time,0.25733184814453125
gigaam2-ctc,multivariant-v2-custom,none,13,text,здравствуйте уважаемые зрители и слушатели предлагаю вам гороскоп на неделю с восемнадцатого по двадцать четвертое апреля две тысячи двадцать второго года подписывайтесь ставьте колокольчик если зашли впервые также приглашаю вас в мой фейсбук инстаграм и телеграм ссылки на социальные сети контакты для записи на консультации по вопросам обучения на главной странице канала и в закрепленном комментарии неделя начинается с напряжения солнца с плутоном поэтому для серьезных дел встреч с влиятельными людьми понедельник восемнадцатое апреля неблагоприятен день достаточно сложный чтобы добиться успеха проникнуть в суть вещей повернуть ход ситуации в свою пользу требуется сила воли выносливость и упорство а эти качества есть далеко не у всех не раскрывайте свои планы но и не злоупотребляйте доверием главное событие недели ингрессия солнца в знак тельца двадцатого апреля в пять утра двадцать пять минут с этого дня фон событий резко меняется в ближайший месяц люди становятся рассудительнее спокойнее реагируют на все что происходит вокруг начинается период финансовой стабилизации в социально экономическом секторе наблюдается прогресс двадцать четвертого апреля напряжение меркурий сатурн техника ломается допускаются ошибки открытые конфронтации необдуманные поступки и нарушение концентрации внимания препятствуют созданию стратегического плана достижения целей информация идеи методы могут показаться интересными и ценными но попытки применить их окажутся неудачными или будут прекращены из за каких либо ограничений далее по лунным дням понедельник восемнадцатое апреля убывающая луна в скорпионе соединяется с южным узлом поднимает кормические темы многие почувствуют сильное влияние рода на свою жизнь для всех из нас жизнь складывается из кармы отношений с родителями опыта настоящей жизни и родовых программ у кого то последние проявлены явно кто то может
gigaam2-ctc,multivariant-v2-custom,none,13,elapsed_time,0.2569906711578369
gigaam2-ctc,multivariant-v2-custom,none,70,text,кошелек экспедишн модель не помню спартан по моему сделано в тайване кошельку уже пять лет здесь одно отделение под лепучкой и два открытых отделения одно для мелких денег другое под лепучкой для более крупных и есть еще тделение вот оно глубокое до самого конца доходит здесь кошелька здесь два кармашка для разной мелочевки там чеки визитки здесь инструкция от ножа здесь подлекучкой переходник монетка которую прислали китайцы и переходник для сим карты здесь карточки карточки и пропуск функциональное отделение ничего не потерлось кевуар хороший вот сделано добротно ни разу не стирал надо будет его как то отдать в химчистку липучки за пять лет вообще в идеальном состоянии пользуюсь каждый день им практически ничего не растянулось
gigaam2-ctc,multivariant-v2-custom,none,70,elapsed_time,0.19060277938842773
gigaam2-ctc,multivariant-v2-custom,none,5,text,обычно мы без особой охоты ходим к гинекологу разве что когда выхода нет а на приеме вроде как и хотели бы задать какие то вопросы но стесняемся сегодня разберемся в четырех из них какая продолжительность меструального цикла является нормой почему то бытует мнение что цикл длится двадцать шесть двадцать восемь дней а все отклонения от этих сроков нарушение нормы главный показатель что с вашей репродуктивной системой все в порядке не длительность цикла а его регулярность то есть от начала менструации до начала следующей проходит примерно одинаковое количество суток плюс минус один три дня в норме промежуток между месячными составляет от двадцати одного до тридцати пяти суток с допуском в один три дня не является отклонением от нормы однократные пропуски одного цикла но не систематические задержки если продолжительность цикла имеет выраженные колебания к примеру двадцать один тридцать пять двадцать четыре сорок два двадцать три дня это уже не норма пора идти к гинекологу обычно объем неструации составляет около восьмидесяти миллилитров но иногда месячные с самого начала бывают обильными без какой либо причины и в этом случае важно изменение именно обильности ненструации если до какого то момента выделения были умеренные а потом внезапно стали обильными это тоже повод обратиться к врачу если ненструации были обильными а потом стали умеренными поищите причину в своем режиме возможно вы стали иначе питаться похудели стали заниматься спортом или пережили стресс регулярность половой жизни и даже смена климата также могут повлиять на интенсивность выделения влияет ли переохлаждение на женский организм помните мама вам советовала не сидеть на холодном чтобы не застудить придатки наверняка вы наслушались этих советов подкрепленных вручением теплых штанов с начесом так вот просто от переохлаждения придатки воспалиться не могут потому что любое воспаление такого рода в девяносто процентов случаев вызывается заболеваниями передающимися половым путем
gigaam2-ctc,multivariant-v2-custom,none,5,elapsed_time,0.2476348876953125
gigaam2-ctc,multivariant-v2-custom,none,75,text,мастер скажите пожалуйста каким образом найти предназначение в жизни как понять чем мы должны заниматься предназначение это очень важный аспект и большинство людей ищут его во внешнем мире если мы говорим о йоге вообще вся наша задача сейчас раскрыть что есть путь да человеческой жизни что есть путь вообще человека в человеческой жизни мы ведь пришли сюда из других миров проще говоря да и соответственно для чего мы пришли зачем мы вообще здесь родились с какой целью эта душа обрела дживу с какой целью эта атма стала джив атмой это вот это и есть предназначение но наше эго система в которой мы находимся практически переключают это высокое знание и делают его более примитивным и говорят что предназначение в жизни это быть врачом быть музыкантом быть еще кем то по сути люди забывают что они сразу являются всем каждый ребенок кждого который рождается он рождается с определенными качествами он может быть целителем потому что его каналы чистые если он их потом не засолит он может быть искусным художником поэтом музыкантом действительно может быть всем потому что он бог потому что в нас есть все качества и мое глубокое понимание этого вопроса предназначение человека раскрыть в себе божественность для чего для того чтобы одухотворить материальную природу для того чтобы то где мы находимся стало божественным и вот таким образом творец допознает себя через каждого из нас это высочайшее предназначение это цель жизни понять кто мы на самом деле саттисай баба говорил о том что есть три вопроса откуда мы пришли кто мы сейчас и куда уйдем потом
gigaam2-ctc,multivariant-v2-custom,none,75,elapsed_time,0.23350000381469727
gigaam2-ctc,multivariant-v2-custom,none,68,text,привет в этом видео я расскажу о том как будет проходить консультация на которой мы разберем вашу ситуацию что мы будем делать чего не будем делать и для чего она нужна я могу с твердой уверенностью сказать что если вы готовы вкладывать силы и ресурсы для того чтобы изменить ситуацию в свою пользу она точно изменится все о том как вернуть мужчину дмитрий норман консультация начинается с разбора вашей истории вы мне рассказываете ее так как считаете нужным и говорите о том что по вашему мнению является самым важным часто уже на этом этапе можно понять и предположить в какую же сторону были перекосы в отношениях и что же на самом деле произошло дальше для получения дополнительной информации я буду уточнять все что необходимо для того чтобы диагностировать проблему понять с чего все началось пересмотреть как минимум последний год отношений и открыть вам глаза на происходящее в этот период часто женщина находясь в зависимости не замечает того что у нее происходит прямо под носом и отрицает очевидные вещи этот этап очень важный и занимает большую часть времени так как от правильной диагностики зависит и то какую стратегию мы с вами выберем более чем в восьмидесяти процентавх случаев сама женщина неправильно воспринимает происходящее бывает такое что женщина приходит с запросом я абьюзер как мне вернуть мужчину но на самом деле оказывается она настолько унизилась в отношениях что при желании мужа уйти начала еще больше заниматься самобечеванием и имеет абсолютную уверенность что ей нужно стать еще лучше чтобы муж вернулся хотя это будет только ухудшать ее позиции бывает наоборот женщина была в сильной позиции в отношениях затюкала мужа он сбежал а она уверена что это он такой гад не оценил ее заботы и любви и что теперь нужно его игнорить по полной и угрожать разводом усиливая давление чтобы он осознал каким же был дураком
gigaam2-ctc,multivariant-v2-custom,none,68,elapsed_time,0.2336115837097168
gigaam2-ctc,multivariant-v2-custom,none,83,text,друзья всем привет у нас вернулась зима идет снег а я решил съездить в магазин для того чтобы купить деталик для изготовления простой и полезной магазин отменяется но ненадолго будем модернизировать обувь для первого варианта понадобится клей и что то сыпучее например сода или песок капаем на выступающие части протектора клей и посыпаем сыпучкой повторяем несколько раз получаются широховатые бугарки для второго варианта возьмем наждачную бумагу я взял вот такую круглую клеем на наждачку двусторонний скотч лишнее обрезаем и далее клеем на подошву далее идем тестировать друзья по ощущениям меньше скользит наждачка но и с вариантом клея и соды тоже чувствуется что есть толк получается если хотите немного улучшить антискользящие свойства обуви то подойдет вариант с клеем и содой вариант эстетически более пригоден так как практически не заметно никаких внешних изменений по мере стирания соды процедуру нанесения повторить и пользоваться дальше если стоит задача как можно меньше скользить и неважно как это будет выглядеть то подойдет вариант с наждачкой а теперь хочу попробовать изготовить вариант супер нескользящий для этого возьму фанеру и начерчу на ней контуры обуви
gigaam2-ctc,multivariant-v2-custom,none,83,elapsed_time,0.23538661003112793
gigaam2-ctc,multivariant-v2-custom,none,86,text,блин я не знаю слишком много на меня ответственности я у меня паранойя я боюсь выйти на улицу потому что я боюсь то что я потеряю камни чудес это катастрофа ладно скорее всего у меня просто параноя но если бражник доберется до моей шкатулки это будет это будет настоящая катастрофа надеюсь я не сделаю ошибку большую я я ея боюсь мне страшно ладно нора нет не нора стану клевером будет легче клив распусти лепестки остро улучшаюсь тук тук тук тук тук парнишка а ой не просто да я тут починишь там потом да да почини конечно у меня к тебе срочная миссия у меня к тебе очень срочно срочная миссия это камень чудес черного кота друющий силы разрушения используй во благо ты будешь владельцем кота чудес пока мы не разберемся с бражником у тебя будет два камня чудес но в в курсе но будь в курсе нельзя чтобы люди знали то что ты то что ты то что ты и собака что черный кот и собака это один и тот же человек мы должны быть двое разных людей ты должен использовать когда то быть собакой а когда то не быть собакой чаще всего ты должен появляться как кот понял меня да все и еще появится новый мистер баг или ну новый владелец сережа как леди баг будь в курсе серьезно да так получается ты ладно так с поеду пойду найду эту девочку она работает в магазине украина привет как дела тебе надо разобраться лак коктебе как тебя зовут а вика вика я дарю тебе один из талисманов этотай вика проснись это камен чудес леди баг
gigaam2-ctc,multivariant-v2-custom,none,86,elapsed_time,0.23423004150390625
gigaam2-ctc,multivariant-v2-custom,none,25,text,всем привет вы на канале как заработать в интернете сегодня у меня на обзоре кран салана на этом кране можно зарабатывать криптовалюту салана есть подобный кран на котором можно зарабатывать тр икс я думаю это один и тот же атмен с данного крана я выводил уже вот почти девятнадцать тр икс месяц назад и если мы посмотрим по посещаемости работает он два месяца и посещаемость за последний месяц полтора миллиона людей заходило на данный сайт это копия того же сайта который я вам только что показал здесь при регистрации нам дают десять бонусных сборов и также мы целый день можем собирать удвоенную прибыль заходя на данный сайт кран один раз в час и нам будет выпадать не пять тысяч салана а десять тысяч и вот бонусные сборы здесь есть здесь ни капчи ничего икс двадцать четыре нам дают это на двадцать четыре часа и вот она прибыль идет десять раз мы можем так собрать если мы посмотрим выводы денег с данного сайта вот здесь есть доказательства здесь вот люди выводят все классно кран платит можно это все проверить перейдя по ссылке также в данном кране есть партнерская программа вы будете зарабатывать пять процентов от сбора с крана вашим другом и ноль четыре процента будете зарабатывать играя в игры также здесь можно повысить уровень например до айрон или же бронзу чтобы его повысить здесь вот все условия расписаны на данном сайте кому данный кран интересен ссылку я оставлю в описании переходите регистрируйтесь и зарабатывайте деньги без вложений
gigaam2-ctc,multivariant-v2-custom,none,25,elapsed_time,0.21431827545166016
gigaam2-ctc,multivariant-v2-custom,none,16,text,привет от команды серфернер в этом видео мы расскажем о сервисе реклама в браузерах и как с помощью него вы можете получать клиентов мы покажем как это работает расскажем о возможностях сервиса и наглядно покажем как добавить и настроить рекламу если вы зарабатываете в интернете то вам нужны клиенты и чем больше тем лучше все знают как нелегко их найти прямо сейчас мы перевернем ваш взгляд на эту проблему и расскажем о том как легко и быстро получать сотни клиентов в ваш бизнес и делать это ежедневно совсем недавно мы сами были на вашем месте и искали бизнес партнеров рефералов покупателей подписчиков испытывая при этом те же самые неудобства факт в том что люди ненавидят любую рекламу а любое наше предложение как бы мы ни изощрялись это так или иначе реклама и люди это чувствуют если попытаться уйти от этой проблемы и воспользоваться услугами рекламных сетей то мы сталкиваемся с еще большими неудобствами это очень дорого часто ваши объявления не проходят модерацию а в сложном интерфейсе просто невозможно иногда бывает разобраться нам удалось найти решение мы создали сервис серфернер способный за несколько минут гарантированно донести любое рекламное сообщение до тысяч потенциальных клиентов при этом они будут ждать вашу рекламу и будут рады ее видеть они могут сразу совершить покупку стать вашим бизнес партнером рефералом подписчиком прийти на ваш вебинар в общем все что угодно а на создание и отправку такого рекламного сообщения у вас уйдет всего несколько минут реклама демонстрируется через специальные расширения установленные в браузер и показывается на всех сайтах которые посещает пользователь к нам ежедневно присоединяются сотни новых пользователей которые сами устанавливают расширение серфернер в свои браузеры эти люди будут рады видеть вашу рекламу ведь за каждый показ рекламного объявления они получают деньги просмотр рекламы у них ассоциируется с получением прибыли с радостью и это действительно настоящая магия наша аудитория это сотни тысяч активных пользователей интернета
gigaam2-ctc,multivariant-v2-custom,none,16,elapsed_time,0.2315657138824463
gigaam2-ctc,multivariant-v2-custom,none,11,text,многие ожидают от лос анджелес криперс если не победы в чемпионате то по крайней мере очень хороших высоких результатов это связано с тем что во первых дог риверс пригласил в свою команду несколько довольно именитых специалистов к себе в помощники во вторых он принял бразды правления клубом в свои руки и в третьих в этой команде по прежнему играет лучший разыгрывающий ассоциации крис пол в этой команде играет один из самых сильных тяжелых форвардов который по прежнему прогрессирует блэк гриффин у основного центрового этой команды деандре джордана контрактный год и он просто обязан провести его на высшем уровне в клиперс играет лучшей запасной лиги джамал кроуфорд и несколько довольно крепких ролевиков мы ждем от клиперса какого то рывка но пока его нет пока команда буксует пока до кливерс нервничает не может понять что не так какие то отрезки матчей клиперс проводит на высоком уровне потом лидеры команды уходят в тень где то пропадают начинаются потери промахи и с средней с дальней дистанции и как следствие проигранные матчи на данный момент игра клиперс оставляет противоречивое впечатление и явно старт сезона им не удался и специалисты ожидали от этой команды чего то большего
gigaam2-ctc,multivariant-v2-custom,none,11,elapsed_time,0.19354772567749023
gigaam2-ctc,multivariant-v2-custom,none,10,text,всем привет когда ты купил новую лодку и тебе не терпится ее опробовать девяносто девять процентов людей никогда бы не уронили свой телефон в канализацию едя на погрузчике но всегда остается именно тот один проценткогда ты сидишь на диете уже несколько часов и не можешь устоять перед соблазном я думал что такое можно увидеть только в мультфильмах про тома и джеррипохоже что рыбы запомнят этого парня как своего спасителя я надеюсь что этот парень посмотрит это видео и узнает в чем кроется мистика
gigaam2-ctc,multivariant-v2-custom,none,10,elapsed_time,0.17713594436645508
gigaam2-ctc,multivariant-v2-custom,none,19,text,тема рекомендации по организации самостоятельной учебной деятельности обучение в вузе это аудиторная работа в вузе по расписанию занятий и внеаудиторная самостоятельная работа изучение курса ведется в следующих формах аудиторных лекционных занятий во время лекций студенты осуществляют конспектирование материала практических занятий на которых конкретизируются и развиваются темы лекционных занятий проведение которых предусмотрено в разных формах а также в форме самостоятельной работы основные виды систематизированной записи прочитанного материала анатирование предельно краткое связное описание просмотренной или прочитанной книги ее содержания источников характера и назначения планирование краткая логическая организация текста раскрывающея содержание и структуру изучаемого материала тезирование лаконичное воспроизведение основных утверждений автора без привлечения фактического материала цитирование дословное выписывание из текста выдержек извлечений наиболее существенно отражающих ту или иную мысль автора конспектирование краткое и последовательное изложение содержания прочитанного методические рекомендации по составлению конспекта внимательно прочитайте текст уточните в справочной литературе непонятные слова при записи не забудьте вынести справочные данные на поля конспект выделите главное составьте план кратко сформулируйте основные положения текста отметьте аргументацию автора законспектируйте материал четко следуя пунктам плана
gigaam2-ctc,multivariant-v2-custom,none,19,elapsed_time,0.23484373092651367
gigaam2-ctc,multivariant-v2-custom,none,8,text,что будет если отрезать кошке усы представить себе кота без усов просто невозможно но что будет если их отрезать и какую функцию они исполняют в жизнедеятельности животного для того чтобы разобраться в последствиях этого действия стоит уяснить для чего они вообще нужны коту как оказалось усы помогают не только определить в пространстве свое месторасположение но также есть дополнительным органом обоняния с их помощью животное может запросто исследовать предмет даже не прикасаясь к нему а также слышать шорохи что помогает ориентироваться в пространстве находясь даже в полной темноте также они помогают чувствовать самое незначительное изменение температуры в комнате или на улице очевидно что потеряв таких ценных помощников кот станет неприспособлен к окружающей среде например в темное время суток представители семейства кошачьих становятся совершенно дезориентированы в пространстве кот может застрять не рассчитав своих размеров или неправильно оценив расстояние совершить неточный прыжок случается и такое что у кота выпадают усы сами по себе что обусловлено авитаминозом в этом случае обязательно стоит пересмотреть рацион домашнего животного а также посетить ветеринарного врача который пропишет нужные витаминные комплексы для восстановления здоровья питомца ломающиеся усы у котенка не должны вызывать большого опасения ведь такой растущий организм требует специального питания добавив ложку растительного масла в кашу небольшое количество творога на ночь и немножко молока с утра состояние усов и шерсти в целом должно улучшиться очевидно что кот без усов как человек лишенный руки глаз потому ни в коем случае нельзя лишать животного такого жизненно важного для него тактильного устройства указывая надлежащую заботу домашнему животному его здоровье будет в отличной форме любите братьев наших меньших и они проявят свою любовь в ответ подписался на канал и ответ обосновал
gigaam2-ctc,multivariant-v2-custom,none,8,elapsed_time,0.19790029525756836
gigaam2-ctc,multivariant-v2-custom,none,91,text,сравнительно недавно со словами уксус сладок на халяву я себе скачал на консоль дирд пять чужое халява взять взять и тут началось мое веселое но недолгое путешествие по миру аркадных увеселительных ебагоночек скажу сразу эту бы физику да в игры серии нфс нет или в игры серии крю нет ну или наоборот сюда бы возможность тюнинга и большой открытый мир на современный лад то игра бы затмила все современные аркады но увы это сессионная аркадная гонялка по определенным трассам это главная проблема игры дерд пять но давайте по порядку вы на канале малой а я витяй и мы снова с вами обсуждаем очередные йеба гоночки и именно эти йеба гоночки к сожалению мне попались на халяву для версии плейстейшн четыре поэтому максимально раскаченной графики я к сожалению не увидел и не прочувствовал прорывного геймпада как заявляли некоторые обзорщики но несмотря на это разработчики постарались сделать игру максимально красочной и пестрой местами граничащей с мультяшностью но не переходя рамок дозволенного таким образом прекрасно нарисованы десять довольно разных локаций на которых расположены в общей сложности восемьдесят один также симпатичный трек на первый взгляд все выглядит привлекательно грязь летящая из под колес и оседающая на кузовне машина погодные эффекты которые меняются прямо во время гонки из за которых меня больше всего порадовала песчаная буря и снежный буран даже на версии плейстейшн четыре это выглядит весьма недурно я вам скажу друзья мои прекрасный нелинейный ландшафт довольно большие перепады высот на треках вместе с трамплинами очень аутентичные ледовые треки и немного асфальтовых дорог и несколько площадок для джимханы все вроде как на первый взгляд подкупает на каждой трассе есть различные статичные и динамичные декорации в виде всяких лазерных шоу летающих самолетов дымоперделок огнерыгалок но при этом всем великолепии
gigaam2-ctc,multivariant-v2-custom,none,91,elapsed_time,0.23333311080932617
gigaam2-ctc,multivariant-v2-custom,none,9,text,туризм в таджикистане это привлекательный вариант отдыха для любителей ярких ощущений альпинистов и велосипедистов для любителей персидской культуры и древней истории благодаря отличному климату где около двухсот пятидесяти солнечных дней в году а также искренне гостеприимному народу не надо искать дополнительные причины чтобы поехать в таджикистан а уже начать планировать поездку для тех кто ограничен по времени и может провести в таджикистане всего один или два дня также есть отличные варианты для коротких однодневных путешествий по стране и столице или же для экскурсий в самом душамбе среди однодневных туров в таджикистане самыми популярными являются поездки в арзобское ущелье или на озере скандерпуль вместе с этим можно отправляться на однодневные экскурсии в таджикистан из узбекистана в бенджикенд и на семь озер из самарканда или в худжанд из ташкента туризм в таджикистане постоянно развивается и уже сегодня очень удобно отправиться в эту маленькую очаровательную страну погрузиться в мир гор уникальной культуры и древней самобытной истории сейчас самое подходящее время для путешествия по стране душамбы уже не первый год привлекает все больше иностранных туристов а все потому что здесь из года в год улучшаются условия жизни развивается инфраструктура строятся тысячи объектов различного назначениямы приехали из россии продлить себе лето нас пригласили друзья солнечные духмб очень приятные здесь люди приветливые и вот это первое что мы заметили что все люди очень отзывчивые и гостеприимные честно это спонтанная такая оказалось путешествие нас вот пригласили друзья оми сами из душанбе и мы как то долго откладывали этот отпуск
gigaam2-ctc,multivariant-v2-custom,none,9,elapsed_time,0.19831562042236328
gigaam2-ctc,multivariant-v2-custom,none,90,text,здравствуйте дорогие друзья с вами юлия ермак эксперт по здоровью детей и сегодня я хочу с вами поговорить на тему ангин если у вашего ребенка или у вас ангина это самый лучший друг то есть вы вам достаточно выпить холодной воды и ребенок тут же заболевает ангиной то есть горло это ваше слабое место то вы точно попали в нужное время в нужное место почему потому что именно сегодня мы говорим как помочь ребенку чтобы сократить все таки болезни ангиной сократить болезни ребенка и облегчить его жизнь то есть доставить ему здоровое счастливое детство более подробно я говорю на курсе алгоритм воспитания здоровых детей который легендарный курс который улучшает здоровье детей в три четыре пять шесть раз за ближайшие три шесть месяцев поэтому я с уверенностью говорю о том что вы попали в нужное время в нужное место а сегодня мы говорим о обангине и как помочь ребенку в период ремиссии как заколить горлышко чтобы для него холодное мороженое или холодная вода не становилась не становились трагедией и поводом для излечения антибиотиками так вот первое то что необходимо сделать это научиться дружить с холодным наверняка дети которые у которых постоянные частые ангины им мама с самого рождения все грела то есть ребенок не знаком с холодным как правило это начинается с самого самого раннего детства то есть мама закрывала окошечко чтобы ребенка не сдуло не продуло не просквозило одевала самые лучшие теплые шарфики варежки закрывала рот на холоде на морозе одевала самые теплые носочки и естественно ребенок растет в тепличных условиях и для того чтобы этот замкнутый круг круг тепличных условий все таки разомкнуть потому что так или иначе ваш ребенок столкнется в жизни с тем что познакомится с холодной водой с холодными ногами промокшими ногами попадет под дождь или будет ехать в автобусе и будет открыта форточка пойдет в детский сад
gigaam2-ctc,multivariant-v2-custom,none,90,elapsed_time,0.23528742790222168
gigaam2-ctc,multivariant-v2-custom,none,44,text,друзья с вами как всегда старичок тех шоу дрель и шуруповерт это дуэт ну просто незаменим сегодня я постараюсь взорвать ваш мозг как я собираюсь это сделать все предельно просто я подготовил подборку насадок с али для дрели и шуруповерта которые станут для вас маст хевом да уж друзья честно сказать я вам завидую почему скажете вы да потому что у вас есть возможность получить от тех шоу очень крутой приз это три д принтер да да я очень добр чтобы его получить досмотрите видео до конца напомню в конце ролика результаты предыдущего конкурса ну что как говорит дима гордей наливайте чаеху и погнали и начнем мы пожалуй не с самых экстравагантных но в тоже время абсолютно незаменимых аксессуаров это адаптер торцевые головки для шуруповерта которые позволяют вам крутить не только шурупы и саморезы но и болты и гайки я нашел два варианта таких наборов в первом имеется девять адаптеров под диаметр от шести до четырнадцати миллиметров тут все просто с одной стороны бита под шуруповерт с другой торцевая головка а вот второй набор на мой взгляд более универсален он включает в себя три адаптера для съемных головок которые можно купить или отдельным набором взять из наборов с инструментами в которых они зачастую встречаются таким образом диапазон применения значительно расширяется эти три адаптера подходят под самые популярные присоединительные квадраты изготовленные из стали с добавлением хрома и ванадия с таким адаптором вы забудете о том что значит крутить болты вручную далее идет очень интересная и практичная насадка на дрель для резки тонколистового металла этот девайс позволяет вам совершать фигурную резку листов толщиной два миллиметра в зависимости от материала подходит под электроинструмент с частотой вращения от полутора до трех тысяч оборотов в минуту просто одеваете и режете проще некуда лично мне такая насадка пригодится надо бы заказать еще из опыта использования могу посоветовать что металлическую стружку лучше собирать сразу магнитом потому что ее много и она с острыми краями такс этот товар также незаменим это кольцевое сверло в простонародии балерина с его помощью можно делать отверстие от тридцати до ста двадцати миллиметров я думаю тут уже все любители больших диаметров будут довольны если серьезно метод
gigaam2-ctc,multivariant-v2-custom,none,44,elapsed_time,0.23568177223205566
gigaam2-ctc,multivariant-v2-custom,none,72,text,специалист по реабилитации в социальной сфере это прежде всего новое такое а новая специальность которая с моей точки зрения востребована в нашем обществе поскольку никто не застрахован от того что попадет в какую то ситуацию в которой он оказывается окажется вообще абсолютно дезадаптированным это могут быть разные ситуации это могут ситуации быть связанные с потерей здоровья это могут быть ситуации связанные с потерей места работы и вообще трудной жизненной ситуации это могут быть ситуации связанные например с переездом в другую страну потому что человек вообще полностью теряет ориентир и не знает как ему адаптироваться то есть ну вот основной так сказать человек или клиент да с которым работает такой специалист это человек который дезадаптирован в обществе основные сферы деятельности специалиста это социальная защита населения социальное обслуживание пенитенциарная система то есть система исполнения уголовных наказаний сфера труда и занятости здравоохранения и образования в перечень его основных обязанностей входят диагностика и оценка психосоциального статуса клиента составление плана его реабилитации консультирование мониторинг и оценка результатов реабилитации планирование и организация деятельности по развитию реабилитационных услуг проведение обучающих тренингов для специалистов учреждений социальной сферы консультирование и супервизия деятельности специалистов введение соответствующей документации вообще реабилитация это конечно медицинский термин и здесь мы говорим не о медицинской реабилитации мы говорим с вами о социальной реабилитации поэтому конечно же здесь целый комплекс должен быть работы да и привлечение различных специалистов которые человека вводят назад в общество да то есть человека исключили из общества да или он инклюзирован да и человека включают да то есть возникает такая ситуцация икнкюзии человека
gigaam2-ctc,multivariant-v2-custom,none,72,elapsed_time,0.23536062240600586
